--
-- PostgreSQL database dump
--

\restrict o2uFJfJJRJQONQEehDoughDe3txPyAKzSEUGgKPcWx45hUPJd3S4zAqYEelmv42

-- Dumped from database version 17.10 (Homebrew)
-- Dumped by pg_dump version 17.10 (Homebrew)

SET statement_timeout = 0;
SET lock_timeout = 0;
SET idle_in_transaction_session_timeout = 0;
SET transaction_timeout = 0;
SET client_encoding = 'UTF8';
SET standard_conforming_strings = on;
SELECT pg_catalog.set_config('search_path', '', false);
SET check_function_bodies = false;
SET xmloption = content;
SET client_min_messages = warning;
SET row_security = off;

SET default_tablespace = '';

SET default_table_access_method = heap;

--
-- Name: adresses; Type: TABLE; Schema: public; Owner: mac
--

CREATE TABLE public.adresses (
    id uuid NOT NULL,
    nom character varying(255) NOT NULL,
    created_at timestamp with time zone NOT NULL,
    updated_at timestamp with time zone NOT NULL
);


ALTER TABLE public.adresses OWNER TO mac;

--
-- Name: auth_group; Type: TABLE; Schema: public; Owner: mac
--

CREATE TABLE public.auth_group (
    id integer NOT NULL,
    name character varying(150) NOT NULL
);


ALTER TABLE public.auth_group OWNER TO mac;

--
-- Name: auth_group_id_seq; Type: SEQUENCE; Schema: public; Owner: mac
--

ALTER TABLE public.auth_group ALTER COLUMN id ADD GENERATED BY DEFAULT AS IDENTITY (
    SEQUENCE NAME public.auth_group_id_seq
    START WITH 1
    INCREMENT BY 1
    NO MINVALUE
    NO MAXVALUE
    CACHE 1
);


--
-- Name: auth_group_permissions; Type: TABLE; Schema: public; Owner: mac
--

CREATE TABLE public.auth_group_permissions (
    id bigint NOT NULL,
    group_id integer NOT NULL,
    permission_id integer NOT NULL
);


ALTER TABLE public.auth_group_permissions OWNER TO mac;

--
-- Name: auth_group_permissions_id_seq; Type: SEQUENCE; Schema: public; Owner: mac
--

ALTER TABLE public.auth_group_permissions ALTER COLUMN id ADD GENERATED BY DEFAULT AS IDENTITY (
    SEQUENCE NAME public.auth_group_permissions_id_seq
    START WITH 1
    INCREMENT BY 1
    NO MINVALUE
    NO MAXVALUE
    CACHE 1
);


--
-- Name: auth_permission; Type: TABLE; Schema: public; Owner: mac
--

CREATE TABLE public.auth_permission (
    id integer NOT NULL,
    name character varying(255) NOT NULL,
    content_type_id integer NOT NULL,
    codename character varying(100) NOT NULL
);


ALTER TABLE public.auth_permission OWNER TO mac;

--
-- Name: auth_permission_id_seq; Type: SEQUENCE; Schema: public; Owner: mac
--

ALTER TABLE public.auth_permission ALTER COLUMN id ADD GENERATED BY DEFAULT AS IDENTITY (
    SEQUENCE NAME public.auth_permission_id_seq
    START WITH 1
    INCREMENT BY 1
    NO MINVALUE
    NO MAXVALUE
    CACHE 1
);


--
-- Name: auth_user; Type: TABLE; Schema: public; Owner: mac
--

CREATE TABLE public.auth_user (
    id integer NOT NULL,
    password character varying(128) NOT NULL,
    last_login timestamp with time zone,
    is_superuser boolean NOT NULL,
    username character varying(150) NOT NULL,
    first_name character varying(150) NOT NULL,
    last_name character varying(150) NOT NULL,
    email character varying(254) NOT NULL,
    is_staff boolean NOT NULL,
    is_active boolean NOT NULL,
    date_joined timestamp with time zone NOT NULL
);


ALTER TABLE public.auth_user OWNER TO mac;

--
-- Name: auth_user_groups; Type: TABLE; Schema: public; Owner: mac
--

CREATE TABLE public.auth_user_groups (
    id bigint NOT NULL,
    user_id integer NOT NULL,
    group_id integer NOT NULL
);


ALTER TABLE public.auth_user_groups OWNER TO mac;

--
-- Name: auth_user_groups_id_seq; Type: SEQUENCE; Schema: public; Owner: mac
--

ALTER TABLE public.auth_user_groups ALTER COLUMN id ADD GENERATED BY DEFAULT AS IDENTITY (
    SEQUENCE NAME public.auth_user_groups_id_seq
    START WITH 1
    INCREMENT BY 1
    NO MINVALUE
    NO MAXVALUE
    CACHE 1
);


--
-- Name: auth_user_id_seq; Type: SEQUENCE; Schema: public; Owner: mac
--

ALTER TABLE public.auth_user ALTER COLUMN id ADD GENERATED BY DEFAULT AS IDENTITY (
    SEQUENCE NAME public.auth_user_id_seq
    START WITH 1
    INCREMENT BY 1
    NO MINVALUE
    NO MAXVALUE
    CACHE 1
);


--
-- Name: auth_user_user_permissions; Type: TABLE; Schema: public; Owner: mac
--

CREATE TABLE public.auth_user_user_permissions (
    id bigint NOT NULL,
    user_id integer NOT NULL,
    permission_id integer NOT NULL
);


ALTER TABLE public.auth_user_user_permissions OWNER TO mac;

--
-- Name: auth_user_user_permissions_id_seq; Type: SEQUENCE; Schema: public; Owner: mac
--

ALTER TABLE public.auth_user_user_permissions ALTER COLUMN id ADD GENERATED BY DEFAULT AS IDENTITY (
    SEQUENCE NAME public.auth_user_user_permissions_id_seq
    START WITH 1
    INCREMENT BY 1
    NO MINVALUE
    NO MAXVALUE
    CACHE 1
);


--
-- Name: canaux; Type: TABLE; Schema: public; Owner: mac
--

CREATE TABLE public.canaux (
    id uuid NOT NULL,
    nom character varying(150) NOT NULL,
    created_at timestamp with time zone NOT NULL,
    updated_at timestamp with time zone NOT NULL
);


ALTER TABLE public.canaux OWNER TO mac;

--
-- Name: categories; Type: TABLE; Schema: public; Owner: mac
--

CREATE TABLE public.categories (
    id uuid NOT NULL,
    nom character varying(150) NOT NULL,
    created_at timestamp with time zone NOT NULL,
    updated_at timestamp with time zone NOT NULL
);


ALTER TABLE public.categories OWNER TO mac;

--
-- Name: concurents; Type: TABLE; Schema: public; Owner: mac
--

CREATE TABLE public.concurents (
    id uuid NOT NULL,
    nom character varying(150) NOT NULL,
    created_at timestamp with time zone NOT NULL,
    updated_at timestamp with time zone NOT NULL,
    marque_id uuid NOT NULL,
    sous_categorie_id uuid NOT NULL
);


ALTER TABLE public.concurents OWNER TO mac;

--
-- Name: django_admin_log; Type: TABLE; Schema: public; Owner: mac
--

CREATE TABLE public.django_admin_log (
    id integer NOT NULL,
    action_time timestamp with time zone NOT NULL,
    object_id text,
    object_repr character varying(200) NOT NULL,
    action_flag smallint NOT NULL,
    change_message text NOT NULL,
    content_type_id integer,
    user_id integer NOT NULL,
    CONSTRAINT django_admin_log_action_flag_check CHECK ((action_flag >= 0))
);


ALTER TABLE public.django_admin_log OWNER TO mac;

--
-- Name: django_admin_log_id_seq; Type: SEQUENCE; Schema: public; Owner: mac
--

ALTER TABLE public.django_admin_log ALTER COLUMN id ADD GENERATED BY DEFAULT AS IDENTITY (
    SEQUENCE NAME public.django_admin_log_id_seq
    START WITH 1
    INCREMENT BY 1
    NO MINVALUE
    NO MAXVALUE
    CACHE 1
);


--
-- Name: django_content_type; Type: TABLE; Schema: public; Owner: mac
--

CREATE TABLE public.django_content_type (
    id integer NOT NULL,
    app_label character varying(100) NOT NULL,
    model character varying(100) NOT NULL
);


ALTER TABLE public.django_content_type OWNER TO mac;

--
-- Name: django_content_type_id_seq; Type: SEQUENCE; Schema: public; Owner: mac
--

ALTER TABLE public.django_content_type ALTER COLUMN id ADD GENERATED BY DEFAULT AS IDENTITY (
    SEQUENCE NAME public.django_content_type_id_seq
    START WITH 1
    INCREMENT BY 1
    NO MINVALUE
    NO MAXVALUE
    CACHE 1
);


--
-- Name: django_migrations; Type: TABLE; Schema: public; Owner: postgres
--

CREATE TABLE public.django_migrations (
    id bigint NOT NULL,
    app character varying(255) NOT NULL,
    name character varying(255) NOT NULL,
    applied timestamp with time zone NOT NULL
);


ALTER TABLE public.django_migrations OWNER TO postgres;

--
-- Name: django_migrations_id_seq; Type: SEQUENCE; Schema: public; Owner: postgres
--

ALTER TABLE public.django_migrations ALTER COLUMN id ADD GENERATED BY DEFAULT AS IDENTITY (
    SEQUENCE NAME public.django_migrations_id_seq
    START WITH 1
    INCREMENT BY 1
    NO MINVALUE
    NO MAXVALUE
    CACHE 1
);


--
-- Name: django_session; Type: TABLE; Schema: public; Owner: mac
--

CREATE TABLE public.django_session (
    session_key character varying(40) NOT NULL,
    session_data text NOT NULL,
    expire_date timestamp with time zone NOT NULL
);


ALTER TABLE public.django_session OWNER TO mac;

--
-- Name: magasins; Type: TABLE; Schema: public; Owner: mac
--

CREATE TABLE public.magasins (
    id uuid NOT NULL,
    nom character varying(255) NOT NULL,
    created_at timestamp with time zone NOT NULL,
    updated_at timestamp with time zone NOT NULL,
    adresse_id uuid NOT NULL,
    canal_id uuid NOT NULL,
    secteur_id uuid NOT NULL,
    ville_id uuid NOT NULL
);


ALTER TABLE public.magasins OWNER TO mac;

--
-- Name: marques; Type: TABLE; Schema: public; Owner: mac
--

CREATE TABLE public.marques (
    id uuid NOT NULL,
    nom character varying(150) NOT NULL,
    concurrent boolean NOT NULL,
    created_at timestamp with time zone NOT NULL,
    updated_at timestamp with time zone NOT NULL,
    segment_id uuid
);


ALTER TABLE public.marques OWNER TO mac;

--
-- Name: releves; Type: TABLE; Schema: public; Owner: mac
--

CREATE TABLE public.releves (
    id uuid NOT NULL,
    prix_conso_ttc double precision NOT NULL,
    prix_detail_ttc double precision NOT NULL,
    remise_detail_pct double precision,
    prix_gros_ttc double precision,
    remise_gros_pct double precision,
    created_at timestamp with time zone NOT NULL,
    updated_at timestamp with time zone NOT NULL,
    sku_id uuid NOT NULL,
    visite_id uuid NOT NULL
);


ALTER TABLE public.releves OWNER TO mac;

--
-- Name: s_marques; Type: TABLE; Schema: public; Owner: mac
--

CREATE TABLE public.s_marques (
    id uuid NOT NULL,
    created_at timestamp with time zone NOT NULL,
    updated_at timestamp with time zone NOT NULL,
    marque_id uuid NOT NULL,
    sous_categorie_id uuid NOT NULL
);


ALTER TABLE public.s_marques OWNER TO mac;

--
-- Name: secteurs; Type: TABLE; Schema: public; Owner: mac
--

CREATE TABLE public.secteurs (
    id uuid NOT NULL,
    nom character varying(150) NOT NULL,
    created_at timestamp with time zone NOT NULL,
    updated_at timestamp with time zone NOT NULL
);


ALTER TABLE public.secteurs OWNER TO mac;

--
-- Name: segment_marques; Type: TABLE; Schema: public; Owner: mac
--

CREATE TABLE public.segment_marques (
    id uuid NOT NULL,
    created_at timestamp with time zone NOT NULL,
    updated_at timestamp with time zone NOT NULL,
    marque_id uuid NOT NULL,
    segment_id uuid NOT NULL
);


ALTER TABLE public.segment_marques OWNER TO mac;

--
-- Name: segments; Type: TABLE; Schema: public; Owner: mac
--

CREATE TABLE public.segments (
    id uuid NOT NULL,
    nom character varying(150) NOT NULL,
    created_at timestamp with time zone NOT NULL,
    updated_at timestamp with time zone NOT NULL,
    sous_categorie_id uuid NOT NULL
);


ALTER TABLE public.segments OWNER TO mac;

--
-- Name: skus; Type: TABLE; Schema: public; Owner: mac
--

CREATE TABLE public.skus (
    id uuid NOT NULL,
    nom character varying(100) NOT NULL,
    created_at timestamp with time zone NOT NULL,
    updated_at timestamp with time zone NOT NULL,
    marque_id uuid NOT NULL,
    unite character varying(8) DEFAULT ''::character varying NOT NULL
);


ALTER TABLE public.skus OWNER TO mac;

--
-- Name: sous_categories; Type: TABLE; Schema: public; Owner: mac
--

CREATE TABLE public.sous_categories (
    id uuid NOT NULL,
    nom character varying(150) NOT NULL,
    type character varying(20) NOT NULL,
    created_at timestamp with time zone NOT NULL,
    updated_at timestamp with time zone NOT NULL,
    categorie_id uuid NOT NULL
);


ALTER TABLE public.sous_categories OWNER TO mac;

--
-- Name: token_blacklist_blacklistedtoken; Type: TABLE; Schema: public; Owner: mac
--

CREATE TABLE public.token_blacklist_blacklistedtoken (
    id bigint NOT NULL,
    blacklisted_at timestamp with time zone NOT NULL,
    token_id bigint NOT NULL
);


ALTER TABLE public.token_blacklist_blacklistedtoken OWNER TO mac;

--
-- Name: token_blacklist_blacklistedtoken_id_seq; Type: SEQUENCE; Schema: public; Owner: mac
--

ALTER TABLE public.token_blacklist_blacklistedtoken ALTER COLUMN id ADD GENERATED BY DEFAULT AS IDENTITY (
    SEQUENCE NAME public.token_blacklist_blacklistedtoken_id_seq
    START WITH 1
    INCREMENT BY 1
    NO MINVALUE
    NO MAXVALUE
    CACHE 1
);


--
-- Name: token_blacklist_outstandingtoken; Type: TABLE; Schema: public; Owner: mac
--

CREATE TABLE public.token_blacklist_outstandingtoken (
    id bigint NOT NULL,
    token text NOT NULL,
    created_at timestamp with time zone,
    expires_at timestamp with time zone NOT NULL,
    user_id integer,
    jti character varying(255) NOT NULL
);


ALTER TABLE public.token_blacklist_outstandingtoken OWNER TO mac;

--
-- Name: token_blacklist_outstandingtoken_id_seq; Type: SEQUENCE; Schema: public; Owner: mac
--

ALTER TABLE public.token_blacklist_outstandingtoken ALTER COLUMN id ADD GENERATED BY DEFAULT AS IDENTITY (
    SEQUENCE NAME public.token_blacklist_outstandingtoken_id_seq
    START WITH 1
    INCREMENT BY 1
    NO MINVALUE
    NO MAXVALUE
    CACHE 1
);


--
-- Name: villes; Type: TABLE; Schema: public; Owner: mac
--

CREATE TABLE public.villes (
    id uuid NOT NULL,
    nom character varying(150) NOT NULL,
    created_at timestamp with time zone NOT NULL,
    updated_at timestamp with time zone NOT NULL
);


ALTER TABLE public.villes OWNER TO mac;

--
-- Name: visites; Type: TABLE; Schema: public; Owner: mac
--

CREATE TABLE public.visites (
    id uuid NOT NULL,
    date_visite timestamp with time zone NOT NULL,
    statut character varying(20) NOT NULL,
    created_at timestamp with time zone NOT NULL,
    updated_at timestamp with time zone NOT NULL,
    magasin_id uuid NOT NULL,
    categorie_id uuid,
    sous_categorie_id uuid,
    segment_id uuid,
    etape character varying(32) NOT NULL,
    created_by_id integer
);


ALTER TABLE public.visites OWNER TO mac;

--
-- Data for Name: adresses; Type: TABLE DATA; Schema: public; Owner: mac
--

COPY public.adresses (id, nom, created_at, updated_at) FROM stdin;
7e0df932-be2c-44cd-b804-4ef4ca3127a0	Bd Chefchaouni, Ain Sebaa	2026-07-15 00:35:17.235+00	2026-07-15 00:35:17.235+00
\.


--
-- Data for Name: auth_group; Type: TABLE DATA; Schema: public; Owner: mac
--

COPY public.auth_group (id, name) FROM stdin;
\.


--
-- Data for Name: auth_group_permissions; Type: TABLE DATA; Schema: public; Owner: mac
--

COPY public.auth_group_permissions (id, group_id, permission_id) FROM stdin;
\.


--
-- Data for Name: auth_permission; Type: TABLE DATA; Schema: public; Owner: mac
--

COPY public.auth_permission (id, name, content_type_id, codename) FROM stdin;
1	Can add log entry	1	add_logentry
2	Can change log entry	1	change_logentry
3	Can delete log entry	1	delete_logentry
4	Can view log entry	1	view_logentry
5	Can add permission	2	add_permission
6	Can change permission	2	change_permission
7	Can delete permission	2	delete_permission
8	Can view permission	2	view_permission
9	Can add group	3	add_group
10	Can change group	3	change_group
11	Can delete group	3	delete_group
12	Can view group	3	view_group
13	Can add user	4	add_user
14	Can change user	4	change_user
15	Can delete user	4	delete_user
16	Can view user	4	view_user
17	Can add content type	5	add_contenttype
18	Can change content type	5	change_contenttype
19	Can delete content type	5	delete_contenttype
20	Can view content type	5	view_contenttype
21	Can add session	6	add_session
22	Can change session	6	change_session
23	Can delete session	6	delete_session
24	Can view session	6	view_session
25	Can add adresse	7	add_adresse
26	Can change adresse	7	change_adresse
27	Can delete adresse	7	delete_adresse
28	Can view adresse	7	view_adresse
29	Can add canal	8	add_canal
30	Can change canal	8	change_canal
31	Can delete canal	8	delete_canal
32	Can view canal	8	view_canal
33	Can add categorie	9	add_categorie
34	Can change categorie	9	change_categorie
35	Can delete categorie	9	delete_categorie
36	Can view categorie	9	view_categorie
37	Can add secteur	10	add_secteur
38	Can change secteur	10	change_secteur
39	Can delete secteur	10	delete_secteur
40	Can view secteur	10	view_secteur
41	Can add segment	11	add_segment
42	Can change segment	11	change_segment
43	Can delete segment	11	delete_segment
44	Can view segment	11	view_segment
45	Can add ville	12	add_ville
46	Can change ville	12	change_ville
47	Can delete ville	12	delete_ville
48	Can view ville	12	view_ville
49	Can add marque	13	add_marque
50	Can change marque	13	change_marque
51	Can delete marque	13	delete_marque
52	Can view marque	13	view_marque
53	Can add SKU	14	add_sku
54	Can change SKU	14	change_sku
55	Can delete SKU	14	delete_sku
56	Can view SKU	14	view_sku
57	Can add sous categorie	15	add_souscategorie
58	Can change sous categorie	15	change_souscategorie
59	Can delete sous categorie	15	delete_souscategorie
60	Can view sous categorie	15	view_souscategorie
61	Can add concurent	16	add_concurent
62	Can change concurent	16	change_concurent
63	Can delete concurent	16	delete_concurent
64	Can view concurent	16	view_concurent
65	Can add magasin	17	add_magasin
66	Can change magasin	17	change_magasin
67	Can delete magasin	17	delete_magasin
68	Can view magasin	17	view_magasin
69	Can add visite	18	add_visite
70	Can change visite	18	change_visite
71	Can delete visite	18	delete_visite
72	Can view visite	18	view_visite
73	Can add releve	19	add_releve
74	Can change releve	19	change_releve
75	Can delete releve	19	delete_releve
76	Can view releve	19	view_releve
77	Can add s marque	20	add_smarque
78	Can change s marque	20	change_smarque
79	Can delete s marque	20	delete_smarque
80	Can view s marque	20	view_smarque
81	Can add segment marque	21	add_segmentmarque
82	Can change segment marque	21	change_segmentmarque
83	Can delete segment marque	21	delete_segmentmarque
84	Can view segment marque	21	view_segmentmarque
85	Can add blacklisted token	22	add_blacklistedtoken
86	Can change blacklisted token	22	change_blacklistedtoken
87	Can delete blacklisted token	22	delete_blacklistedtoken
88	Can view blacklisted token	22	view_blacklistedtoken
89	Can add outstanding token	23	add_outstandingtoken
90	Can change outstanding token	23	change_outstandingtoken
91	Can delete outstanding token	23	delete_outstandingtoken
92	Can view outstanding token	23	view_outstandingtoken
\.


--
-- Data for Name: auth_user; Type: TABLE DATA; Schema: public; Owner: mac
--

COPY public.auth_user (id, password, last_login, is_superuser, username, first_name, last_name, email, is_staff, is_active, date_joined) FROM stdin;
1	pbkdf2_sha256$720000$ME3Ezhgy5ZUnpbxnZWUWUL$TT1W0XqUs494xuolgt0+4GXfD15p0PBDw7vYzm6hzx0=	2026-07-15 10:22:28.469427+00	t	mac				t	t	2026-07-10 14:34:20.226+00
2	pbkdf2_sha256$720000$UeBCZYhZb0L3903HSF7UMT$oDQdeFOrNqtIn5/7bcrR/yEzRcPlRhQ1D94angUP6RY=	2026-07-15 12:27:52.799147+00	t	admin			admin@gmail.com	t	t	2026-07-15 01:33:38.446+00
3	pbkdf2_sha256$720000$7dccyk1Adr8mSp4LYx7DmG$hN59bVle1KSpFofp/E5AT9z5ixQhU3hsSqV3ZBvZiI4=	\N	f	demo@veille.local	Compte	Démonstration	demo@veille.local	f	t	2026-07-20 10:43:40.645105+00
\.


--
-- Data for Name: auth_user_groups; Type: TABLE DATA; Schema: public; Owner: mac
--

COPY public.auth_user_groups (id, user_id, group_id) FROM stdin;
\.


--
-- Data for Name: auth_user_user_permissions; Type: TABLE DATA; Schema: public; Owner: mac
--

COPY public.auth_user_user_permissions (id, user_id, permission_id) FROM stdin;
\.


--
-- Data for Name: canaux; Type: TABLE DATA; Schema: public; Owner: mac
--

COPY public.canaux (id, nom, created_at, updated_at) FROM stdin;
9a395466-fcdd-4ecc-afee-960ee65de654	GMS	2026-07-15 00:35:17.234+00	2026-07-15 00:35:17.234+00
199dc050-c877-4d60-900f-f8895a7ba5cb	Detail	2026-07-15 14:54:15.094125+00	2026-07-15 14:54:15.094153+00
\.


--
-- Data for Name: categories; Type: TABLE DATA; Schema: public; Owner: mac
--

COPY public.categories (id, nom, created_at, updated_at) FROM stdin;
2afb288c-6006-4e62-98a7-a39e593f2f3c	Detergent	2026-07-15 00:35:17.236+00	2026-07-15 00:35:17.236+00
f7e3b616-5ed1-4b98-8e0e-b0abcbce5d13	Paper	2026-07-15 08:54:09.792+00	2026-07-15 08:54:09.792+00
ad848dda-9287-4797-9637-b0f07a755df8	Papier	2026-07-20 11:13:39.076973+00	2026-07-20 11:13:39.076982+00
\.


--
-- Data for Name: concurents; Type: TABLE DATA; Schema: public; Owner: mac
--

COPY public.concurents (id, nom, created_at, updated_at, marque_id, sous_categorie_id) FROM stdin;
26a0e456-08bb-41d7-890a-71110bb3fdd1	vs ZEN	2026-07-15 08:54:09.769+00	2026-07-15 08:54:09.769+00	1f0e1476-2a7d-4261-a3d0-ce646eed4ef8	f591ed67-849f-412e-ae6c-ec38219ece71
78fe49e8-e280-43f3-9168-76dfafc6623c	vs MIO	2026-07-15 00:35:17.252+00	2026-07-15 00:35:17.252+00	a4a0cdd6-67ba-4e7f-9629-df042476f424	f591ed67-849f-412e-ae6c-ec38219ece71
b8581efb-beb5-450b-b5d1-fa207182e9a4	vs MIO	2026-07-15 00:35:17.252+00	2026-07-15 00:35:17.252+00	a0d0fb69-af81-4a62-aa51-dc752bf54f7f	f591ed67-849f-412e-ae6c-ec38219ece71
e94293b8-dae0-4e49-b733-1c845f49e854	vs ZEN	2026-07-15 08:54:09.764+00	2026-07-15 08:54:09.764+00	9bb9343e-61f6-46fb-955e-304bcca323af	f591ed67-849f-412e-ae6c-ec38219ece71
\.


--
-- Data for Name: django_admin_log; Type: TABLE DATA; Schema: public; Owner: mac
--

COPY public.django_admin_log (id, action_time, object_id, object_repr, action_flag, change_message, content_type_id, user_id) FROM stdin;
1	2026-07-15 12:32:01.660805+00	fbd96e1d-89a6-4be2-bc51-94c58bb99d83	Marrakech	1	[{"added": {}}]	12	2
2	2026-07-15 14:19:44.780075+00	5f44bdd6-2432-412c-8dea-5c6e641ae36b	Rabat	1	[{"added": {}}]	12	2
3	2026-07-15 14:54:15.098215+00	199dc050-c877-4d60-900f-f8895a7ba5cb	Detail	1	[{"added": {}}]	8	2
\.


--
-- Data for Name: django_content_type; Type: TABLE DATA; Schema: public; Owner: mac
--

COPY public.django_content_type (id, app_label, model) FROM stdin;
1	admin	logentry
2	auth	permission
3	auth	group
4	auth	user
5	contenttypes	contenttype
6	sessions	session
7	app	adresse
8	app	canal
9	app	categorie
10	app	secteur
11	app	segment
12	app	ville
13	app	marque
14	app	sku
15	app	souscategorie
16	app	concurent
17	app	magasin
18	app	visite
19	app	releve
20	app	smarque
21	app	segmentmarque
22	token_blacklist	blacklistedtoken
23	token_blacklist	outstandingtoken
\.


--
-- Data for Name: django_migrations; Type: TABLE DATA; Schema: public; Owner: postgres
--

COPY public.django_migrations (id, app, name, applied) FROM stdin;
1	contenttypes	0001_initial	2026-07-20 13:03:29.243914+00
2	auth	0001_initial	2026-07-20 13:03:29.250419+00
3	admin	0001_initial	2026-07-20 13:03:29.254078+00
4	admin	0002_logentry_remove_auto_add	2026-07-20 13:03:29.256583+00
5	admin	0003_logentry_add_action_flag_choices	2026-07-20 13:03:29.259136+00
6	app	0001_initial	2026-07-20 13:03:29.288395+00
\.


--
-- Data for Name: django_session; Type: TABLE DATA; Schema: public; Owner: mac
--

COPY public.django_session (session_key, session_data, expire_date) FROM stdin;
x438q7lg3ux4f1iwk43uuzj4p3exihnb	.eJxVjEsOwiAUAO_C2hB4_F267xnI40GlamhS2pXx7oakC93OTObNIh57jUcvW1wyuzJgl1-WkJ6lDZEf2O4rp7Xt25L4SPhpO5_WXF63s_0bVOx1bBVpl4yfgayD2QvvHYaiNJqgwCcblMvSkBBJSWGc9AAWibSRxWab2ecLt582uA:1wjoWr:_lmz1a2mudjjwdG56h2ih68um_X9ehnHcGwL-T_lQKQ	2026-07-29 01:35:17.437+00
8phq4ikbdzk79unmeq07gpqcn333b1l9	.eJxVjMEOwiAQRP-FsyGwW6Dr0Xu_oaHsRqoGktKejP9um_Sgx5n3Zt5qjNuax63JMs6srsqqy283xfSUcgB-xHKvOtWyLvOkD0WftOmhsrxup_t3kGPL-1rQGnKMgU0HSUzqjSChJfSW0bHrogRrybMj8MAGiE2AuCfuGUh9vrWwNoI:1wjwl2:Hv2pcNV-mn-TES0P5ymr5eg9VvOQhTe8FFD3wLm7ZlE	2026-07-29 10:22:28.469882+00
4r5wfe6r581cndsqs9x81ew6u5b6xubn	.eJxVjEsOwiAUAO_C2hB4_F267xnI40GlamhS2pXx7oakC93OTObNIh57jUcvW1wyuzJgl1-WkJ6lDZEf2O4rp7Xt25L4SPhpO5_WXF63s_0bVOx1bBVpl4yfgayD2QvvHYaiNJqgwCcblMvSkBBJSWGc9AAWibSRxWab2ecLt582uA:1wjyiO:jls54gkIkvTBO66co-yRzEUOzpz8oYljGY1PdSn2qJY	2026-07-29 12:27:52.801412+00
\.


--
-- Data for Name: magasins; Type: TABLE DATA; Schema: public; Owner: mac
--

COPY public.magasins (id, nom, created_at, updated_at, adresse_id, canal_id, secteur_id, ville_id) FROM stdin;
2fc725c3-a762-4ca5-a36c-9fd8020cdc98	12	2026-07-15 01:25:00.328+00	2026-07-15 01:25:00.328+00	7e0df932-be2c-44cd-b804-4ef4ca3127a0	9a395466-fcdd-4ecc-afee-960ee65de654	6ff98471-26f2-469e-af01-598e8812585a	3cadce0d-7203-466a-b45a-6b353f7bb2b7
4aacb595-a683-47ba-823a-acc4f109c09d	23	2026-07-15 01:17:48.962+00	2026-07-15 01:17:48.962+00	7e0df932-be2c-44cd-b804-4ef4ca3127a0	9a395466-fcdd-4ecc-afee-960ee65de654	6ff98471-26f2-469e-af01-598e8812585a	3cadce0d-7203-466a-b45a-6b353f7bb2b7
51b66ad3-e2ea-4516-873b-0d2257e7b3db	123	2026-07-15 09:23:27.063+00	2026-07-15 09:23:27.063+00	7e0df932-be2c-44cd-b804-4ef4ca3127a0	9a395466-fcdd-4ecc-afee-960ee65de654	6ff98471-26f2-469e-af01-598e8812585a	3cadce0d-7203-466a-b45a-6b353f7bb2b7
68fb204e-7cf2-48c7-a28f-5643309a62af	234	2026-07-15 13:05:58.940281+00	2026-07-15 13:05:58.940326+00	7e0df932-be2c-44cd-b804-4ef4ca3127a0	9a395466-fcdd-4ecc-afee-960ee65de654	6ff98471-26f2-469e-af01-598e8812585a	3cadce0d-7203-466a-b45a-6b353f7bb2b7
a2aa25f9-3a5e-4a6c-b2a1-40ec00486682	123	2026-07-15 13:39:09.282697+00	2026-07-15 13:39:09.282752+00	7e0df932-be2c-44cd-b804-4ef4ca3127a0	9a395466-fcdd-4ecc-afee-960ee65de654	6ff98471-26f2-469e-af01-598e8812585a	fbd96e1d-89a6-4be2-bc51-94c58bb99d83
ad465e9f-266a-4598-ad9e-40d67a60a267	123	2026-07-15 13:58:01.21084+00	2026-07-15 13:58:01.210895+00	7e0df932-be2c-44cd-b804-4ef4ca3127a0	9a395466-fcdd-4ecc-afee-960ee65de654	6ff98471-26f2-469e-af01-598e8812585a	fbd96e1d-89a6-4be2-bc51-94c58bb99d83
98e166be-9465-4b2c-9b93-a2caaeb10005	14253	2026-07-15 13:58:34.741648+00	2026-07-15 13:58:34.741671+00	7e0df932-be2c-44cd-b804-4ef4ca3127a0	9a395466-fcdd-4ecc-afee-960ee65de654	6ff98471-26f2-469e-af01-598e8812585a	3cadce0d-7203-466a-b45a-6b353f7bb2b7
39edc19f-eb85-4de2-bde9-f88fb0119dc0	234	2026-07-15 14:16:10.277921+00	2026-07-15 14:16:10.277965+00	7e0df932-be2c-44cd-b804-4ef4ca3127a0	9a395466-fcdd-4ecc-afee-960ee65de654	6ff98471-26f2-469e-af01-598e8812585a	fbd96e1d-89a6-4be2-bc51-94c58bb99d83
cc6a54c0-388d-41d5-b8fd-6993212c835c	234	2026-07-15 14:41:00.954403+00	2026-07-15 14:41:00.954443+00	7e0df932-be2c-44cd-b804-4ef4ca3127a0	9a395466-fcdd-4ecc-afee-960ee65de654	6ff98471-26f2-469e-af01-598e8812585a	fbd96e1d-89a6-4be2-bc51-94c58bb99d83
c970c3ff-d80d-43fe-889c-d6f18a272844	234	2026-07-15 14:47:07.555629+00	2026-07-15 14:47:07.555654+00	7e0df932-be2c-44cd-b804-4ef4ca3127a0	9a395466-fcdd-4ecc-afee-960ee65de654	6ff98471-26f2-469e-af01-598e8812585a	fbd96e1d-89a6-4be2-bc51-94c58bb99d83
201c86ed-e79a-42d9-b74e-7293e900c186	123	2026-07-15 15:10:08.102634+00	2026-07-15 15:10:08.102681+00	7e0df932-be2c-44cd-b804-4ef4ca3127a0	199dc050-c877-4d60-900f-f8895a7ba5cb	6ff98471-26f2-469e-af01-598e8812585a	fbd96e1d-89a6-4be2-bc51-94c58bb99d83
2daf072b-20f1-4b62-b5f9-3d9dff8f45fe	234	2026-07-15 15:29:28.449757+00	2026-07-15 15:29:28.449794+00	7e0df932-be2c-44cd-b804-4ef4ca3127a0	199dc050-c877-4d60-900f-f8895a7ba5cb	6ff98471-26f2-469e-af01-598e8812585a	fbd96e1d-89a6-4be2-bc51-94c58bb99d83
02c5fc28-3586-4c22-839f-797181e6667f	234	2026-07-15 15:51:03.342931+00	2026-07-15 15:51:03.342952+00	7e0df932-be2c-44cd-b804-4ef4ca3127a0	199dc050-c877-4d60-900f-f8895a7ba5cb	6ff98471-26f2-469e-af01-598e8812585a	fbd96e1d-89a6-4be2-bc51-94c58bb99d83
3640aaed-1433-4cb4-80ee-61d1fcf4f428	dfg	2026-07-15 15:52:35.478691+00	2026-07-15 15:52:35.47871+00	7e0df932-be2c-44cd-b804-4ef4ca3127a0	199dc050-c877-4d60-900f-f8895a7ba5cb	6ff98471-26f2-469e-af01-598e8812585a	fbd96e1d-89a6-4be2-bc51-94c58bb99d83
062b13a7-64e6-40a4-bfd6-52f654823c6f	1324	2026-07-15 15:53:20.918833+00	2026-07-15 15:53:20.918849+00	7e0df932-be2c-44cd-b804-4ef4ca3127a0	199dc050-c877-4d60-900f-f8895a7ba5cb	6ff98471-26f2-469e-af01-598e8812585a	fbd96e1d-89a6-4be2-bc51-94c58bb99d83
917bff32-0fa6-45f5-b9ca-055d24ea2fdc	Magasin de collecte	2026-07-15 22:43:17.316915+00	2026-07-15 22:43:17.316949+00	7e0df932-be2c-44cd-b804-4ef4ca3127a0	199dc050-c877-4d60-900f-f8895a7ba5cb	6ff98471-26f2-469e-af01-598e8812585a	fbd96e1d-89a6-4be2-bc51-94c58bb99d83
cf460f7d-7984-403f-a8bd-b729b041950b	Magasin de collecte	2026-07-15 23:08:25.617049+00	2026-07-15 23:08:25.617068+00	7e0df932-be2c-44cd-b804-4ef4ca3127a0	199dc050-c877-4d60-900f-f8895a7ba5cb	6ff98471-26f2-469e-af01-598e8812585a	fbd96e1d-89a6-4be2-bc51-94c58bb99d83
8b7dc199-d857-4930-8229-2c763ab60442	Magasin de collecte	2026-07-15 23:13:59.263796+00	2026-07-15 23:13:59.263811+00	7e0df932-be2c-44cd-b804-4ef4ca3127a0	199dc050-c877-4d60-900f-f8895a7ba5cb	6ff98471-26f2-469e-af01-598e8812585a	3cadce0d-7203-466a-b45a-6b353f7bb2b7
a90dbdd1-bf82-45b5-bb81-3370016868dc	Magasin de collecte	2026-07-15 23:23:59.686454+00	2026-07-15 23:23:59.68648+00	7e0df932-be2c-44cd-b804-4ef4ca3127a0	199dc050-c877-4d60-900f-f8895a7ba5cb	6ff98471-26f2-469e-af01-598e8812585a	3cadce0d-7203-466a-b45a-6b353f7bb2b7
e82a79cd-cafe-4033-9cf3-c5d96160ce64	Magasin de collecte	2026-07-16 00:13:33.477932+00	2026-07-16 00:13:33.477976+00	7e0df932-be2c-44cd-b804-4ef4ca3127a0	199dc050-c877-4d60-900f-f8895a7ba5cb	6ff98471-26f2-469e-af01-598e8812585a	fbd96e1d-89a6-4be2-bc51-94c58bb99d83
c63240fa-8285-4edd-b736-a0be473a2a69	Magasin de collecte	2026-07-16 00:18:03.035847+00	2026-07-16 00:18:03.035883+00	7e0df932-be2c-44cd-b804-4ef4ca3127a0	199dc050-c877-4d60-900f-f8895a7ba5cb	6ff98471-26f2-469e-af01-598e8812585a	fbd96e1d-89a6-4be2-bc51-94c58bb99d83
ca0cfaec-96bb-4c28-8e33-f6d759ae20c9	Magasin de collecte	2026-07-16 00:31:24.330375+00	2026-07-16 00:31:24.33039+00	7e0df932-be2c-44cd-b804-4ef4ca3127a0	199dc050-c877-4d60-900f-f8895a7ba5cb	6ff98471-26f2-469e-af01-598e8812585a	3cadce0d-7203-466a-b45a-6b353f7bb2b7
92270754-5ba9-4d8d-ab3e-654c7fe03457	Magasin de collecte	2026-07-16 12:12:57.577741+00	2026-07-16 12:12:57.577768+00	7e0df932-be2c-44cd-b804-4ef4ca3127a0	199dc050-c877-4d60-900f-f8895a7ba5cb	6ff98471-26f2-469e-af01-598e8812585a	3cadce0d-7203-466a-b45a-6b353f7bb2b7
bcd8e8f6-5e70-4602-9b55-3f0cc604e12f	Magasin de collecte	2026-07-16 12:15:22.740355+00	2026-07-16 12:15:22.740379+00	7e0df932-be2c-44cd-b804-4ef4ca3127a0	199dc050-c877-4d60-900f-f8895a7ba5cb	6ff98471-26f2-469e-af01-598e8812585a	3cadce0d-7203-466a-b45a-6b353f7bb2b7
10c384e4-a6a7-4e9c-a810-2cc96aa35286	Magasin de collecte	2026-07-16 12:17:15.862667+00	2026-07-16 12:17:15.862678+00	7e0df932-be2c-44cd-b804-4ef4ca3127a0	199dc050-c877-4d60-900f-f8895a7ba5cb	6ff98471-26f2-469e-af01-598e8812585a	3cadce0d-7203-466a-b45a-6b353f7bb2b7
609d5c20-9585-4d3e-9dbf-56d2089ff0fd	Magasin de collecte	2026-07-16 12:21:21.666848+00	2026-07-16 12:21:21.666866+00	7e0df932-be2c-44cd-b804-4ef4ca3127a0	199dc050-c877-4d60-900f-f8895a7ba5cb	6ff98471-26f2-469e-af01-598e8812585a	3cadce0d-7203-466a-b45a-6b353f7bb2b7
e8c45c9f-fb5a-414e-a335-c9702b65eb0d	Magasin de collecte	2026-07-16 12:43:52.849585+00	2026-07-16 12:43:52.849649+00	7e0df932-be2c-44cd-b804-4ef4ca3127a0	199dc050-c877-4d60-900f-f8895a7ba5cb	6ff98471-26f2-469e-af01-598e8812585a	fbd96e1d-89a6-4be2-bc51-94c58bb99d83
1e6dc489-8bc4-430c-8581-7d0ba11ea176	Magasin de collecte	2026-07-19 22:56:13.297678+00	2026-07-19 22:56:13.297703+00	7e0df932-be2c-44cd-b804-4ef4ca3127a0	199dc050-c877-4d60-900f-f8895a7ba5cb	6ff98471-26f2-469e-af01-598e8812585a	fbd96e1d-89a6-4be2-bc51-94c58bb99d83
05ef6078-eadf-4ad3-823d-a8eeee560187	Magasin de collecte	2026-07-19 23:04:27.921854+00	2026-07-19 23:04:27.921876+00	7e0df932-be2c-44cd-b804-4ef4ca3127a0	199dc050-c877-4d60-900f-f8895a7ba5cb	6ff98471-26f2-469e-af01-598e8812585a	fbd96e1d-89a6-4be2-bc51-94c58bb99d83
c8ef8d0b-6a46-4b75-b8aa-b64e6fcf92b3	Magasin de collecte	2026-07-19 23:08:45.6923+00	2026-07-19 23:08:45.692317+00	7e0df932-be2c-44cd-b804-4ef4ca3127a0	199dc050-c877-4d60-900f-f8895a7ba5cb	6ff98471-26f2-469e-af01-598e8812585a	fbd96e1d-89a6-4be2-bc51-94c58bb99d83
8574fefb-ca7c-4245-85be-7969b6027f7d	Magasin de collecte	2026-07-20 00:09:24.68661+00	2026-07-20 00:09:24.686632+00	7e0df932-be2c-44cd-b804-4ef4ca3127a0	199dc050-c877-4d60-900f-f8895a7ba5cb	6ff98471-26f2-469e-af01-598e8812585a	3cadce0d-7203-466a-b45a-6b353f7bb2b7
b285eb5d-c3f1-41bf-922b-ef84ae93439e	Magasin de collecte	2026-07-20 00:59:48.952897+00	2026-07-20 00:59:48.952907+00	7e0df932-be2c-44cd-b804-4ef4ca3127a0	199dc050-c877-4d60-900f-f8895a7ba5cb	6ff98471-26f2-469e-af01-598e8812585a	fbd96e1d-89a6-4be2-bc51-94c58bb99d83
4ce863ec-d839-4241-86c1-e59f3bef9a00	Magasin de collecte	2026-07-20 01:00:06.065072+00	2026-07-20 01:00:06.06509+00	7e0df932-be2c-44cd-b804-4ef4ca3127a0	199dc050-c877-4d60-900f-f8895a7ba5cb	6ff98471-26f2-469e-af01-598e8812585a	fbd96e1d-89a6-4be2-bc51-94c58bb99d83
0d115ec3-4d8c-46dd-8f16-ad85df4b8efe	Magasin de collecte	2026-07-20 01:00:59.214099+00	2026-07-20 01:00:59.214134+00	7e0df932-be2c-44cd-b804-4ef4ca3127a0	199dc050-c877-4d60-900f-f8895a7ba5cb	6ff98471-26f2-469e-af01-598e8812585a	fbd96e1d-89a6-4be2-bc51-94c58bb99d83
064e3699-2b01-424a-800d-ce6706837b00	Magasin de collecte	2026-07-20 01:02:52.394881+00	2026-07-20 01:02:52.394902+00	7e0df932-be2c-44cd-b804-4ef4ca3127a0	199dc050-c877-4d60-900f-f8895a7ba5cb	6ff98471-26f2-469e-af01-598e8812585a	fbd96e1d-89a6-4be2-bc51-94c58bb99d83
\.


--
-- Data for Name: marques; Type: TABLE DATA; Schema: public; Owner: mac
--

COPY public.marques (id, nom, concurrent, created_at, updated_at, segment_id) FROM stdin;
10740f82-8734-47cd-84e4-1811d8b9a5d9	Dalina	t	2026-07-15 08:54:09.796+00	2026-07-15 08:54:09.796+00	\N
14ae0e5e-c0cb-435b-8678-ccbef2e5e399	Yes	t	2026-07-15 08:54:09.802+00	2026-07-15 08:54:09.802+00	\N
1f0e1476-2a7d-4261-a3d0-ce646eed4ef8	Magix	t	2026-07-15 00:35:17.243+00	2026-07-15 00:35:17.243+00	\N
208aafc0-233f-4d5a-9e43-6c90b99222f4	ONI	t	2026-07-15 08:54:09.777+00	2026-07-15 08:54:09.777+00	\N
2915b88b-43de-4765-8d34-804d2273b54e	PAPIA	t	2026-07-15 08:54:09.822+00	2026-07-15 08:54:09.822+00	\N
2e4c1bc3-3b43-4412-bf1b-f1d9b7635b99	Clean up	t	2026-07-15 08:54:09.806+00	2026-07-15 08:54:09.806+00	\N
3bc2bbd9-cdbf-4234-a9ca-453494eac137	ZEINA	t	2026-07-15 08:54:09.826+00	2026-07-15 08:54:09.826+00	\N
3c8a3d1d-acc6-4453-a5a7-682e63c78cc6	Blandoux	t	2026-07-15 08:54:09.808+00	2026-07-15 08:54:09.808+00	\N
489476e2-e56f-45d2-8154-5216212e6dd9	Pandoo	t	2026-07-15 08:54:09.816+00	2026-07-15 08:54:09.816+00	\N
63bb1d3e-6c8f-4a84-a941-377ed2d2ca74	Papillon	f	2026-07-15 00:35:17.258+00	2026-07-15 00:35:17.258+00	\N
6e3701e3-90ac-47a4-af75-29144f11f284	SANY	t	2026-07-15 08:54:09.85+00	2026-07-15 08:54:09.85+00	\N
748c0ab3-84f2-4ef1-9e5e-f9925f0aae1f	Selpak	t	2026-07-15 08:54:09.81+00	2026-07-15 08:54:09.81+00	\N
8b27d94f-b64c-4338-893a-92e85e00eeef	AMOOS	t	2026-07-15 08:54:09.865+00	2026-07-15 08:54:09.865+00	\N
8c1b225a-4a7c-49d1-bc1c-b98e53c0e91e	NUA	t	2026-07-15 08:54:09.82+00	2026-07-15 08:54:09.82+00	\N
950c16bc-e1f4-43fe-ac5a-7d6f8a9354ac	ROTANA	t	2026-07-15 08:54:09.834+00	2026-07-15 08:54:09.834+00	\N
9bb9343e-61f6-46fb-955e-304bcca323af	Zen	t	2026-07-15 08:54:09.763+00	2026-07-15 08:54:09.763+00	\N
9f5a131e-dbf3-4fa7-a9e6-99e230574f59	NICKY	t	2026-07-15 08:54:09.858+00	2026-07-15 08:54:09.858+00	\N
a0d0fb69-af81-4a62-aa51-dc752bf54f7f	MIO	f	2026-07-15 00:35:17.238+00	2026-07-15 00:35:17.238+00	\N
a46983ba-a1d9-4268-bb14-22f08e034190	WHITE	t	2026-07-15 08:54:09.843+00	2026-07-15 08:54:09.843+00	\N
a4a0cdd6-67ba-4e7f-9629-df042476f424	ARIEL	t	2026-07-15 00:35:17.251+00	2026-07-15 00:35:17.251+00	\N
ca3ac69d-3214-4ccf-a07f-7a7322653ec6	FLUFFY	t	2026-07-15 08:54:09.836+00	2026-07-15 08:54:09.836+00	\N
d1810cae-8de1-4fb3-a9fb-8233a27868bc	MAXIS	t	2026-07-15 08:54:09.781+00	2026-07-15 08:54:09.781+00	\N
d33d7245-0dfa-4929-a1f3-127f296fc784	Tide	t	2026-07-15 00:35:17.246+00	2026-07-15 00:35:17.246+00	\N
5ba14967-f948-4bb1-855f-6a2178c66b40	Papillon	f	2026-07-20 11:13:39.099455+00	2026-07-20 11:13:39.099459+00	33ae563c-d263-407d-bc10-19e5c55b7560
820fc43e-8aed-450e-8246-0c23aa8c853c	Papillon	t	2026-07-20 12:05:26.539859+00	2026-07-20 12:05:26.539863+00	5ab13d67-16c2-40bf-b153-cebc9e7c521c
870c5dd7-99c3-4a2d-afda-9d600cb5a3f7	Dalina	t	2026-07-20 12:05:26.551295+00	2026-07-20 12:05:26.551297+00	5ab13d67-16c2-40bf-b153-cebc9e7c521c
fcc66332-b23c-4a02-a32e-b271caf8807e	Yes	t	2026-07-20 12:05:26.572108+00	2026-07-20 12:05:26.572111+00	5ab13d67-16c2-40bf-b153-cebc9e7c521c
049a8695-aa17-46f7-a4f3-cda2b26fd55e	Clean up	t	2026-07-20 12:05:26.581842+00	2026-07-20 12:05:26.581845+00	52824238-5406-4ff3-9826-a2ed1d5e9cee
cb50136f-5b8b-48ff-bc46-3e9c7287317a	Blandoux	t	2026-07-20 12:05:26.586811+00	2026-07-20 12:05:26.586814+00	52824238-5406-4ff3-9826-a2ed1d5e9cee
a622e09a-2ae7-49de-83b1-6da6ae689ef7	Selpak	t	2026-07-20 12:05:26.597628+00	2026-07-20 12:05:26.597631+00	52824238-5406-4ff3-9826-a2ed1d5e9cee
af9013ca-9b53-48bf-bc2a-80a6c4e06bd9	Pandoo	t	2026-07-20 12:05:26.611304+00	2026-07-20 12:05:26.611307+00	52824238-5406-4ff3-9826-a2ed1d5e9cee
dbb86bf1-1d02-4053-a868-2f443410dd2e	YES	t	2026-07-20 12:05:26.617812+00	2026-07-20 12:05:26.617815+00	52824238-5406-4ff3-9826-a2ed1d5e9cee
d6bdfc96-a481-4c51-96fe-e7ef11b02730	NUA	t	2026-07-20 12:05:26.624095+00	2026-07-20 12:05:26.624098+00	52824238-5406-4ff3-9826-a2ed1d5e9cee
c81779d3-e285-4091-bbfc-023bcf3b55d8	PAPIA	t	2026-07-20 12:05:26.633239+00	2026-07-20 12:05:26.633242+00	52824238-5406-4ff3-9826-a2ed1d5e9cee
a9e5054b-c202-40d9-848d-008381558e36	ZEINA	t	2026-07-20 12:05:26.636986+00	2026-07-20 12:05:26.636988+00	52824238-5406-4ff3-9826-a2ed1d5e9cee
4420ee29-76f9-4a15-b307-fb6cc07c9e07	PAPILLON	t	2026-07-20 12:05:26.643242+00	2026-07-20 12:05:26.643249+00	4a4a8986-0e78-4119-ba4f-91a6a25f6356
25131ba6-49bc-41f3-a206-c7fcfa27bb40	DALINA	t	2026-07-20 12:05:26.648105+00	2026-07-20 12:05:26.648108+00	4a4a8986-0e78-4119-ba4f-91a6a25f6356
c4d03593-014c-438d-b1f4-b879da8923d7	ROTANA	t	2026-07-20 12:05:26.651639+00	2026-07-20 12:05:26.651642+00	4a4a8986-0e78-4119-ba4f-91a6a25f6356
2d670ae7-37ce-43b3-aedd-d3f65474b528	FLUFFY	t	2026-07-20 12:05:26.654254+00	2026-07-20 12:05:26.654257+00	4a4a8986-0e78-4119-ba4f-91a6a25f6356
5ab3c24d-aa2c-4d8c-a64d-43be0269f15b	SELPAK	t	2026-07-20 12:05:26.659126+00	2026-07-20 12:05:26.659129+00	3c5ac988-5079-4182-b50d-aea39542e264
ec9faa1d-74e0-4579-b52f-7852c75f6726	PAPIA	t	2026-07-20 12:05:26.662809+00	2026-07-20 12:05:26.662812+00	3c5ac988-5079-4182-b50d-aea39542e264
4b06ce6a-4ac6-4993-ad19-7820d65e1805	ZEINA	t	2026-07-20 12:05:26.666625+00	2026-07-20 12:05:26.666628+00	3c5ac988-5079-4182-b50d-aea39542e264
5cd4eb25-fe76-4ad8-a084-af83a706181c	WHITE	t	2026-07-20 12:05:26.674301+00	2026-07-20 12:05:26.674304+00	3c5ac988-5079-4182-b50d-aea39542e264
33d8f56e-7daa-4f84-8d18-800eda914a91	YES	t	2026-07-20 12:05:26.683575+00	2026-07-20 12:05:26.683578+00	b211a1da-f21c-4ca9-8da0-59ee7289ed17
b36a1af8-65db-4cdc-a230-f9596d91acd1	SANY	t	2026-07-20 12:05:26.690636+00	2026-07-20 12:05:26.690638+00	b211a1da-f21c-4ca9-8da0-59ee7289ed17
50da7079-1178-4ef5-a830-ddda5b1b6140	CLEAN UP	t	2026-07-20 12:05:26.697454+00	2026-07-20 12:05:26.697456+00	b211a1da-f21c-4ca9-8da0-59ee7289ed17
d1875ae9-83d6-432f-b636-460b07092451	NICKY	t	2026-07-20 12:05:26.704457+00	2026-07-20 12:05:26.70446+00	3dee558f-316b-4d21-b18f-e1fa28b252a2
21b24d93-ae85-4077-856e-45ac55cf1685	Selpak	t	2026-07-20 12:05:26.710931+00	2026-07-20 12:05:26.710934+00	3dee558f-316b-4d21-b18f-e1fa28b252a2
b481e6e4-cdc4-43ec-92b2-26b76fd47dd2	AMOOS	t	2026-07-20 12:05:26.7152+00	2026-07-20 12:05:26.715203+00	3dee558f-316b-4d21-b18f-e1fa28b252a2
4b67d4d3-7cee-497f-ae0f-03e7bd9c052c	SANY	t	2026-07-20 12:05:26.718054+00	2026-07-20 12:05:26.718057+00	3dee558f-316b-4d21-b18f-e1fa28b252a2
\.


--
-- Data for Name: releves; Type: TABLE DATA; Schema: public; Owner: mac
--

COPY public.releves (id, prix_conso_ttc, prix_detail_ttc, remise_detail_pct, prix_gros_ttc, remise_gros_pct, created_at, updated_at, sku_id, visite_id) FROM stdin;
0bf74925-f8b1-42bb-8c2d-0c5c1e5999f9	3	23	\N	\N	\N	2026-07-16 00:16:25.863526+00	2026-07-16 00:17:23.908349+00	0cb2348e-2fde-41d0-8d02-9c5b725e7420	8582c4e8-2c07-424c-b5a9-364043958f8e
69e27830-dc9d-4527-b448-7850b103aa18	23	45	\N	\N	\N	2026-07-15 23:10:47.266272+00	2026-07-15 23:11:31.716117+00	28332e99-7bce-475f-8137-6d5b167a4870	0edb3aaf-8917-445b-9172-2b4eb5936c7c
ee332cf3-3595-4f84-8f55-5d442252ec4b	23	45	\N	\N	\N	2026-07-15 23:10:47.2696+00	2026-07-15 23:11:31.719229+00	85bcdeff-548f-4322-a671-47064ec96961	0edb3aaf-8917-445b-9172-2b4eb5936c7c
8bb5afb7-b93b-49bd-bc3a-ae523923b890	1	34	\N	\N	\N	2026-07-15 23:10:47.271079+00	2026-07-15 23:11:31.720565+00	2e4f13d0-1560-447b-a987-074e385fbca9	0edb3aaf-8917-445b-9172-2b4eb5936c7c
a2d293ed-0064-4b11-8fc1-ef0fdf26fe86	23	56	\N	\N	\N	2026-07-15 23:10:47.2727+00	2026-07-15 23:11:31.721681+00	d3fe17c9-d126-43df-b90f-c4826ea9a40f	0edb3aaf-8917-445b-9172-2b4eb5936c7c
8fea3496-49f9-4d42-a041-143c86ecde42	34	44	\N	\N	\N	2026-07-15 23:10:47.274369+00	2026-07-15 23:11:31.723005+00	f797011e-1e31-4cf2-aad5-68fe3f9b87f0	0edb3aaf-8917-445b-9172-2b4eb5936c7c
4fd7a3a6-6dab-43c3-a498-5cb909669842	23	44.97	\N	\N	\N	2026-07-15 23:10:47.276249+00	2026-07-15 23:11:31.724293+00	16c1ddfb-e9e2-48b7-ab2a-a8d522c97205	0edb3aaf-8917-445b-9172-2b4eb5936c7c
45db89ae-4dee-4e71-a053-349a05b43012	76	86.96	\N	\N	\N	2026-07-15 23:10:47.278243+00	2026-07-15 23:11:31.725346+00	21d1eee1-527e-40d1-8513-651783c07d5f	0edb3aaf-8917-445b-9172-2b4eb5936c7c
192f8763-4809-448e-9f60-6f2e872b1b5a	4	54	\N	\N	\N	2026-07-15 23:10:47.280164+00	2026-07-15 23:11:31.726649+00	cf5c1817-2d8d-44f6-84da-0c0ef4a22e2e	0edb3aaf-8917-445b-9172-2b4eb5936c7c
d718c6bc-9626-4afe-940c-dc9c50e826bf	33.96	55.96	\N	\N	\N	2026-07-15 23:10:47.28199+00	2026-07-15 23:11:31.727659+00	882f5d8d-b81d-4c2a-9393-f4082dcb5725	0edb3aaf-8917-445b-9172-2b4eb5936c7c
5d02f784-2348-40cc-9edf-b49fb82236d8	34	344.96	\N	\N	\N	2026-07-15 23:10:47.283823+00	2026-07-15 23:11:31.72869+00	389c13fc-f649-4453-8631-c722cda8f866	0edb3aaf-8917-445b-9172-2b4eb5936c7c
9fe8635e-6b66-4772-b2ce-cb6150f5e107	35	35	\N	\N	\N	2026-07-15 23:10:47.285748+00	2026-07-15 23:11:31.729625+00	060c91dc-995f-409c-abe8-c76475140f74	0edb3aaf-8917-445b-9172-2b4eb5936c7c
645bc6d5-ee8e-45f0-bdeb-f68024df6ac9	35	35	\N	\N	\N	2026-07-15 23:10:47.287639+00	2026-07-15 23:11:31.730837+00	d0d478f2-afb5-4e85-b69e-7ce7f16cde6f	0edb3aaf-8917-445b-9172-2b4eb5936c7c
e97aa674-f649-43d5-a35b-e5a5d8ff134f	2	34.94	\N	\N	\N	2026-07-15 23:10:47.289487+00	2026-07-15 23:11:31.731935+00	f8062b74-537a-4684-86cb-bb3506b37556	0edb3aaf-8917-445b-9172-2b4eb5936c7c
25ee2143-ef66-4700-a777-40e080e6c954	4	33.93	\N	\N	\N	2026-07-15 23:10:47.29108+00	2026-07-15 23:11:31.732989+00	027dc227-b5bc-472e-996b-41845d43e0cf	0edb3aaf-8917-445b-9172-2b4eb5936c7c
80b1d3ec-6acc-49dc-84f5-d5ea886b5840	3	25	\N	\N	\N	2026-07-15 23:10:47.292668+00	2026-07-15 23:11:31.733887+00	1e7f6fb7-263a-41b2-8d78-d76d73de3bbc	0edb3aaf-8917-445b-9172-2b4eb5936c7c
4bc90118-4bf0-44ca-bc2b-515aea09ac52	3	24	\N	\N	\N	2026-07-15 23:10:47.294082+00	2026-07-15 23:11:31.73487+00	893f659b-b148-4258-8486-8a3d15376965	0edb3aaf-8917-445b-9172-2b4eb5936c7c
f8bcb642-5d40-40e7-997b-c61b5c0704d3	33.57	35	\N	\N	\N	2026-07-15 23:10:47.295182+00	2026-07-15 23:11:31.735713+00	9d0385fb-3681-40eb-be18-3193d0e8dd65	0edb3aaf-8917-445b-9172-2b4eb5936c7c
082c4474-b695-4fbf-bf4b-c631fd1e98e2	2.96	34.94	\N	\N	\N	2026-07-15 23:10:47.296447+00	2026-07-15 23:11:31.736537+00	5fe79f4a-7345-4e4d-8270-da7963c84188	0edb3aaf-8917-445b-9172-2b4eb5936c7c
d94124f2-3e78-42d9-9145-a958060c5c56	34	35	\N	\N	\N	2026-07-15 23:10:47.297494+00	2026-07-15 23:11:31.737357+00	c20e9d9d-4d6e-4dd8-b674-bcc81f80a3a2	0edb3aaf-8917-445b-9172-2b4eb5936c7c
f87bde44-ea68-4a86-9688-6cb624a963f4	35	35	\N	\N	\N	2026-07-15 23:10:47.298508+00	2026-07-15 23:11:31.738161+00	3e177b7f-2768-4ad3-a533-e1d2b8fb1db4	0edb3aaf-8917-445b-9172-2b4eb5936c7c
59a7c51f-67b9-4b93-beb3-2b9b81bd3f82	3	34.93	\N	\N	\N	2026-07-15 23:10:47.299519+00	2026-07-15 23:11:31.738947+00	3aecc3dd-c3b4-4df4-afb9-4a86831cb877	0edb3aaf-8917-445b-9172-2b4eb5936c7c
ab49811d-0d5f-4ff2-98c1-39e153cc6703	1	33	\N	\N	\N	2026-07-16 00:16:25.855824+00	2026-07-16 00:17:23.899907+00	379d9d19-7729-4522-9e31-b0662a84f22d	8582c4e8-2c07-424c-b5a9-364043958f8e
67e214b3-83b7-4230-95c3-37eef180b0ec	2	33.98	\N	\N	\N	2026-07-16 00:16:25.858096+00	2026-07-16 00:17:23.903016+00	50afb764-c3f6-433a-a228-852949c349a4	8582c4e8-2c07-424c-b5a9-364043958f8e
1622d3cf-a066-427d-a86f-61d33e104dbe	2	22.99	\N	\N	\N	2026-07-16 00:16:25.859512+00	2026-07-16 00:17:23.904945+00	55e577db-4b0d-4260-8b6d-f54afd26f335	8582c4e8-2c07-424c-b5a9-364043958f8e
99658883-357a-4626-b64e-a731bcfb2438	3	3.98	\N	\N	\N	2026-07-16 00:16:25.86183+00	2026-07-16 00:17:23.906961+00	eb045c76-fb78-4c67-ad30-ce199791819e	8582c4e8-2c07-424c-b5a9-364043958f8e
05f88046-a141-4694-a837-607bda4f69ef	2	34	\N	\N	\N	2026-07-16 00:16:25.864903+00	2026-07-16 00:17:23.909692+00	fc26b9b1-af8b-4afb-89a6-2bb69d1328e8	8582c4e8-2c07-424c-b5a9-364043958f8e
3bb1d5d8-4fb1-47b2-9dbd-b11fb0094001	2	23	\N	\N	\N	2026-07-16 00:16:25.866303+00	2026-07-16 00:17:23.91087+00	7c26e778-3c78-41b0-a2aa-ea6ad7d027d5	8582c4e8-2c07-424c-b5a9-364043958f8e
fc0fb544-3512-49d4-ae97-62c268367693	2	22.98	\N	\N	\N	2026-07-16 00:16:25.868357+00	2026-07-16 00:17:23.912369+00	9853bc88-72c0-4767-a530-33790e2491af	8582c4e8-2c07-424c-b5a9-364043958f8e
c6b004ea-4e10-41c9-9084-6d5fc7f2047b	3	22.98	\N	\N	\N	2026-07-16 00:16:25.870489+00	2026-07-16 00:17:23.913691+00	0f2ccb59-2362-4ef9-ab78-708fc3514dbc	8582c4e8-2c07-424c-b5a9-364043958f8e
a1674ed1-4e64-4123-9356-d0979dc4a427	2	22.98	\N	\N	\N	2026-07-16 00:16:25.872562+00	2026-07-16 00:17:23.914872+00	5f09c28d-df77-448a-82a8-45a805d1db9b	8582c4e8-2c07-424c-b5a9-364043958f8e
767256f4-7fa3-49b9-ac48-6d1e8557d18d	23	28	\N	\N	\N	2026-07-16 00:16:25.874365+00	2026-07-16 00:17:23.916026+00	9065776a-ad15-4de5-a4c1-1c4867d678db	8582c4e8-2c07-424c-b5a9-364043958f8e
00370a7a-d092-4e3b-9e20-a1539aa1abed	23	38	\N	\N	\N	2026-07-16 00:16:25.876226+00	2026-07-16 00:17:23.917589+00	0641fd4a-4e79-47b4-af44-605084080faf	8582c4e8-2c07-424c-b5a9-364043958f8e
8a25a1db-f9a6-4b18-9732-ab839905ec94	23	2323	\N	\N	\N	2026-07-16 00:16:25.877942+00	2026-07-16 00:17:23.918944+00	a86ae734-d0e7-4c2c-8ab1-b86234525720	8582c4e8-2c07-424c-b5a9-364043958f8e
c1efec67-630e-4329-b9bf-6ebb968b3850	23	2893	\N	\N	\N	2026-07-16 00:16:25.879595+00	2026-07-16 00:17:23.920598+00	25b734ba-75e7-4e90-add3-630335e08895	8582c4e8-2c07-424c-b5a9-364043958f8e
f9c84700-f0d3-4e42-82a5-b2e09046d5ed	2	34	\N	\N	\N	2026-07-16 12:18:21.538452+00	2026-07-16 12:18:21.538477+00	990f829c-7489-414b-8063-5a786fcd1436	807222a1-3394-4b1f-b5c6-5f177e2357ca
523bc544-05e9-4b8b-b32e-e01c9d3adcf7	12	122	\N	\N	\N	2026-07-16 12:18:21.543355+00	2026-07-16 12:18:21.543367+00	c66214f8-f3d7-40a3-a8b4-8e9b166077c8	807222a1-3394-4b1f-b5c6-5f177e2357ca
d571171c-6727-48a6-8276-f9d3a104474f	1	232.95	\N	\N	\N	2026-07-16 12:18:21.545564+00	2026-07-16 12:18:21.545572+00	30a9377f-5a33-41a7-b60e-ce1a5323fb7e	807222a1-3394-4b1f-b5c6-5f177e2357ca
0f8bf2cd-5c61-4ea4-9d88-75f1502ab54b	2	11.95	\N	\N	\N	2026-07-16 12:18:21.547891+00	2026-07-16 12:18:21.547897+00	08b038b9-4c60-4f86-a2f5-aa5246146c30	807222a1-3394-4b1f-b5c6-5f177e2357ca
b2bb94ec-cc3f-4d8d-84e1-0eb307f1e1a9	1	22.97	\N	\N	\N	2026-07-16 12:18:21.549379+00	2026-07-16 12:18:21.549384+00	742dbcb6-ab4b-4f99-a3c7-ebdd2dedf49f	807222a1-3394-4b1f-b5c6-5f177e2357ca
10882d43-b987-4aa2-a04c-33c8152e4eba	2	11.963	\N	\N	\N	2026-07-16 12:18:21.550762+00	2026-07-16 12:18:21.550767+00	f6d24158-34b4-4992-ba6f-dc5265969705	807222a1-3394-4b1f-b5c6-5f177e2357ca
d7096e8b-f654-42dc-8a11-714eba0bfebd	1	332.96	\N	\N	\N	2026-07-16 12:18:21.552061+00	2026-07-16 12:18:21.55207+00	438fcdf9-c951-4297-b91c-e706667002fe	807222a1-3394-4b1f-b5c6-5f177e2357ca
aa04d7bf-d66d-4ec7-b794-540c7df081f0	1	32.95	\N	\N	\N	2026-07-16 12:18:21.553474+00	2026-07-16 12:18:21.553482+00	f1db75e4-7a37-4c4e-b16e-1c2e898fb7d6	807222a1-3394-4b1f-b5c6-5f177e2357ca
0eae47d0-4ec8-47bf-a057-74fbe6d8950c	1	32.98	\N	\N	\N	2026-07-16 12:18:21.555082+00	2026-07-16 12:18:21.555088+00	c2f50bfa-0978-4af9-9191-b909bf8956dc	807222a1-3394-4b1f-b5c6-5f177e2357ca
e75f38c8-1de9-488d-933c-ebc156994f28	2	12	\N	\N	\N	2026-07-16 12:18:21.556437+00	2026-07-16 12:18:21.556442+00	4b3b9259-16ba-488e-9ca6-0aa559e742bc	807222a1-3394-4b1f-b5c6-5f177e2357ca
07d0b21c-8da1-481f-885d-0da6611202a1	1	32	\N	\N	\N	2026-07-16 12:18:21.557832+00	2026-07-16 12:18:21.55784+00	76c9282b-99ec-438a-9671-c11f9a74cef5	807222a1-3394-4b1f-b5c6-5f177e2357ca
cc6a9862-8432-4d80-9515-d8b1b576c940	12	333.94	\N	\N	\N	2026-07-16 12:18:21.559573+00	2026-07-16 12:18:21.559577+00	269c8baa-7d8c-4381-aa8f-72b82d4370ba	807222a1-3394-4b1f-b5c6-5f177e2357ca
4e5f8468-67c0-4d2e-8924-1b1b93982d65	1	23	\N	\N	\N	2026-07-16 12:18:21.561502+00	2026-07-16 12:18:21.56151+00	3833e999-e95a-4300-93df-457990fb02cf	807222a1-3394-4b1f-b5c6-5f177e2357ca
3365d4be-0eac-4d6b-80ff-5fa7109b0006	12	1233	\N	\N	\N	2026-07-16 12:18:21.563458+00	2026-07-16 12:18:21.563465+00	9ab520a1-a314-4fd1-95f4-b940d5dafa52	807222a1-3394-4b1f-b5c6-5f177e2357ca
be4b8061-de5d-4194-a1e9-3cfa779fc493	1	33	\N	\N	\N	2026-07-16 12:18:21.565173+00	2026-07-16 12:18:21.565181+00	79ea357d-459e-4e02-bf49-e6fff4bb072e	807222a1-3394-4b1f-b5c6-5f177e2357ca
98775afa-4df9-4838-9b7f-81abb492d8a0	1	233	\N	\N	\N	2026-07-16 12:18:21.566875+00	2026-07-16 12:18:21.566881+00	24f9d39b-42a4-4102-8d14-ebab921de8a8	807222a1-3394-4b1f-b5c6-5f177e2357ca
e2c1fcc0-60bf-444c-a706-185b53ba776b	12	13.06	\N	\N	\N	2026-07-16 12:18:21.568709+00	2026-07-16 12:18:21.568719+00	eb12b44a-b846-48ad-96b2-d63150887f3a	807222a1-3394-4b1f-b5c6-5f177e2357ca
3bf07224-5006-49ec-af7e-70bc0a49e69e	2	34	\N	\N	\N	2026-07-16 12:18:58.902217+00	2026-07-16 12:18:58.902233+00	990f829c-7489-414b-8063-5a786fcd1436	807222a1-3394-4b1f-b5c6-5f177e2357ca
12d04aaf-32d4-4046-a779-ac37dcf9d531	12	122	\N	\N	\N	2026-07-16 12:18:58.902265+00	2026-07-16 12:18:58.902268+00	c66214f8-f3d7-40a3-a8b4-8e9b166077c8	807222a1-3394-4b1f-b5c6-5f177e2357ca
487a2ef5-b31e-4417-9a85-282c11656285	1	232.95	\N	\N	\N	2026-07-16 12:18:58.902297+00	2026-07-16 12:18:58.9023+00	30a9377f-5a33-41a7-b60e-ce1a5323fb7e	807222a1-3394-4b1f-b5c6-5f177e2357ca
d3f95e8f-feed-416c-90d9-270c0d008422	2	11.95	\N	\N	\N	2026-07-16 12:18:58.90233+00	2026-07-16 12:18:58.902332+00	08b038b9-4c60-4f86-a2f5-aa5246146c30	807222a1-3394-4b1f-b5c6-5f177e2357ca
1696c8ee-c760-481f-b40b-c522667e4a4a	1	22.97	\N	\N	\N	2026-07-16 12:18:58.902375+00	2026-07-16 12:18:58.902378+00	742dbcb6-ab4b-4f99-a3c7-ebdd2dedf49f	807222a1-3394-4b1f-b5c6-5f177e2357ca
489446ab-ace2-475f-987e-afaca421203d	2	11.963	\N	\N	\N	2026-07-16 12:18:58.902406+00	2026-07-16 12:18:58.902408+00	f6d24158-34b4-4992-ba6f-dc5265969705	807222a1-3394-4b1f-b5c6-5f177e2357ca
613e9e6d-0c3f-4a72-bdbd-27e344a05cd5	1	332.96	\N	\N	\N	2026-07-16 12:18:58.902437+00	2026-07-16 12:18:58.90244+00	438fcdf9-c951-4297-b91c-e706667002fe	807222a1-3394-4b1f-b5c6-5f177e2357ca
423fa5dd-4a8f-4809-9c63-9c644182e03e	1	32.95	\N	\N	\N	2026-07-16 12:18:58.902469+00	2026-07-16 12:18:58.902471+00	f1db75e4-7a37-4c4e-b16e-1c2e898fb7d6	807222a1-3394-4b1f-b5c6-5f177e2357ca
f11e8da5-f705-4fcb-ab36-aa4619353613	1	32.98	\N	\N	\N	2026-07-16 12:18:58.902499+00	2026-07-16 12:18:58.902502+00	c2f50bfa-0978-4af9-9191-b909bf8956dc	807222a1-3394-4b1f-b5c6-5f177e2357ca
5c3d8820-22b1-448f-9727-93b0b122f5c4	2	12	\N	\N	\N	2026-07-16 12:18:58.90253+00	2026-07-16 12:18:58.902533+00	4b3b9259-16ba-488e-9ca6-0aa559e742bc	807222a1-3394-4b1f-b5c6-5f177e2357ca
985891de-b8fe-4965-b3ad-5772411ecdd2	1	32	\N	\N	\N	2026-07-16 12:18:58.902561+00	2026-07-16 12:18:58.902563+00	76c9282b-99ec-438a-9671-c11f9a74cef5	807222a1-3394-4b1f-b5c6-5f177e2357ca
63bd5fb9-c4a3-4890-9c3e-5b65c78336be	12	333.94	\N	\N	\N	2026-07-16 12:18:58.902592+00	2026-07-16 12:18:58.902594+00	269c8baa-7d8c-4381-aa8f-72b82d4370ba	807222a1-3394-4b1f-b5c6-5f177e2357ca
03fea2f0-de5c-461d-b583-c2b597cb8ae1	1	23	\N	\N	\N	2026-07-16 12:18:58.902622+00	2026-07-16 12:18:58.902625+00	3833e999-e95a-4300-93df-457990fb02cf	807222a1-3394-4b1f-b5c6-5f177e2357ca
777c003c-7964-499a-981a-a2a5831d1905	12	1233	\N	\N	\N	2026-07-16 12:18:58.902654+00	2026-07-16 12:18:58.902657+00	9ab520a1-a314-4fd1-95f4-b940d5dafa52	807222a1-3394-4b1f-b5c6-5f177e2357ca
0dada88c-2363-491f-8c9f-29ebde186606	1	33	\N	\N	\N	2026-07-16 12:18:58.902684+00	2026-07-16 12:18:58.902687+00	79ea357d-459e-4e02-bf49-e6fff4bb072e	807222a1-3394-4b1f-b5c6-5f177e2357ca
d7b26f74-4238-45d8-9f5c-093352fc7844	1	233	\N	\N	\N	2026-07-16 12:18:58.902715+00	2026-07-16 12:18:58.902717+00	24f9d39b-42a4-4102-8d14-ebab921de8a8	807222a1-3394-4b1f-b5c6-5f177e2357ca
65f1a6c8-2a56-4962-9f6a-791d47cfdf73	12	13.06	\N	\N	\N	2026-07-16 12:18:58.902746+00	2026-07-16 12:18:58.902749+00	eb12b44a-b846-48ad-96b2-d63150887f3a	807222a1-3394-4b1f-b5c6-5f177e2357ca
1d0b820d-dccf-4907-b4e4-927b7dfc153a	1	2	\N	\N	\N	2026-07-19 23:05:24.479896+00	2026-07-19 23:05:24.4799+00	9ab520a1-a314-4fd1-95f4-b940d5dafa52	7cb054aa-e0b1-4357-a6a5-431c3bb0754e
7892c784-fc06-40b4-b317-f094dbdfa11b	1	2	\N	\N	\N	2026-07-19 23:05:24.481172+00	2026-07-19 23:05:24.481176+00	79ea357d-459e-4e02-bf49-e6fff4bb072e	7cb054aa-e0b1-4357-a6a5-431c3bb0754e
aace4eaf-4970-4e19-8bd7-82737c301088	1	2	\N	\N	\N	2026-07-19 23:05:24.48241+00	2026-07-19 23:05:24.482414+00	24f9d39b-42a4-4102-8d14-ebab921de8a8	7cb054aa-e0b1-4357-a6a5-431c3bb0754e
811902d1-1e7b-4b83-97fb-6090db5651fa	1	2	\N	\N	\N	2026-07-19 23:05:24.483618+00	2026-07-19 23:05:24.483621+00	eb12b44a-b846-48ad-96b2-d63150887f3a	7cb054aa-e0b1-4357-a6a5-431c3bb0754e
9ab61ab7-3a30-4a14-be97-7097406c1372	1	2	\N	\N	\N	2026-07-19 23:06:01.88753+00	2026-07-19 23:06:01.887545+00	990f829c-7489-414b-8063-5a786fcd1436	7cb054aa-e0b1-4357-a6a5-431c3bb0754e
63f08605-bc28-4dd3-8e78-6d702aaf7434	1	2	\N	\N	\N	2026-07-19 23:06:01.887585+00	2026-07-19 23:06:01.887589+00	c66214f8-f3d7-40a3-a8b4-8e9b166077c8	7cb054aa-e0b1-4357-a6a5-431c3bb0754e
001a4620-adeb-4580-869c-b7dea28a1bf3	1	2	\N	\N	\N	2026-07-19 23:06:01.887625+00	2026-07-19 23:06:01.887628+00	30a9377f-5a33-41a7-b60e-ce1a5323fb7e	7cb054aa-e0b1-4357-a6a5-431c3bb0754e
78418058-7f13-423b-bdf6-6a6862ebd3b6	1	2	\N	\N	\N	2026-07-19 23:06:01.887662+00	2026-07-19 23:06:01.887665+00	08b038b9-4c60-4f86-a2f5-aa5246146c30	7cb054aa-e0b1-4357-a6a5-431c3bb0754e
70b39071-414c-4ac9-866a-52243a20d540	1	2	\N	\N	\N	2026-07-19 23:06:01.887699+00	2026-07-19 23:06:01.887702+00	742dbcb6-ab4b-4f99-a3c7-ebdd2dedf49f	7cb054aa-e0b1-4357-a6a5-431c3bb0754e
b4e5c33c-b59e-429e-af80-35f63fa7d30c	1	2	\N	\N	\N	2026-07-19 23:06:01.887735+00	2026-07-19 23:06:01.887738+00	f6d24158-34b4-4992-ba6f-dc5265969705	7cb054aa-e0b1-4357-a6a5-431c3bb0754e
780d4a22-dc59-4636-8497-b71dc6d0b5e8	1	2	\N	\N	\N	2026-07-19 23:06:01.887777+00	2026-07-19 23:06:01.88778+00	438fcdf9-c951-4297-b91c-e706667002fe	7cb054aa-e0b1-4357-a6a5-431c3bb0754e
0675a4cf-1526-4393-ae45-2ccb905238a4	1	2	\N	\N	\N	2026-07-19 23:06:01.887812+00	2026-07-19 23:06:01.887815+00	f1db75e4-7a37-4c4e-b16e-1c2e898fb7d6	7cb054aa-e0b1-4357-a6a5-431c3bb0754e
f939c192-08d3-42db-916a-bdac5635c67d	1	2	\N	\N	\N	2026-07-19 23:06:01.887848+00	2026-07-19 23:06:01.887851+00	c2f50bfa-0978-4af9-9191-b909bf8956dc	7cb054aa-e0b1-4357-a6a5-431c3bb0754e
cdec7a90-7cad-4d4b-95e7-2249e987d160	1	2	\N	\N	\N	2026-07-19 23:06:01.887885+00	2026-07-19 23:06:01.887888+00	4b3b9259-16ba-488e-9ca6-0aa559e742bc	7cb054aa-e0b1-4357-a6a5-431c3bb0754e
0197c052-6170-4dbc-a739-4ae5fc4e6714	1	2	\N	\N	\N	2026-07-19 23:06:01.88792+00	2026-07-19 23:06:01.887923+00	76c9282b-99ec-438a-9671-c11f9a74cef5	7cb054aa-e0b1-4357-a6a5-431c3bb0754e
bd486b1f-f700-49e4-9670-5ddece418eec	1	2	\N	\N	\N	2026-07-19 23:06:01.887955+00	2026-07-19 23:06:01.887958+00	269c8baa-7d8c-4381-aa8f-72b82d4370ba	7cb054aa-e0b1-4357-a6a5-431c3bb0754e
4473e354-f266-4120-9d00-f36c0264863c	1	2	\N	\N	\N	2026-07-19 23:06:01.88799+00	2026-07-19 23:06:01.887993+00	3833e999-e95a-4300-93df-457990fb02cf	7cb054aa-e0b1-4357-a6a5-431c3bb0754e
1491fea5-683f-4f49-b233-3b83217020db	1	2	\N	\N	\N	2026-07-19 23:01:43.158789+00	2026-07-19 23:03:36.781955+00	990f829c-7489-414b-8063-5a786fcd1436	5ed75882-0058-4def-a06f-9739da618a68
ade4ca93-c885-4a15-a322-502037444a90	1	2	\N	\N	\N	2026-07-19 23:01:43.165785+00	2026-07-19 23:03:36.783918+00	c66214f8-f3d7-40a3-a8b4-8e9b166077c8	5ed75882-0058-4def-a06f-9739da618a68
f6b3e57c-dc71-48d5-9596-ed354b14a6d5	1	2	\N	\N	\N	2026-07-19 23:01:43.168759+00	2026-07-19 23:03:36.785349+00	30a9377f-5a33-41a7-b60e-ce1a5323fb7e	5ed75882-0058-4def-a06f-9739da618a68
4e8985e3-fffe-4b7a-8e98-19f580e040d1	1	2	\N	\N	\N	2026-07-19 23:01:43.170706+00	2026-07-19 23:03:36.786634+00	08b038b9-4c60-4f86-a2f5-aa5246146c30	5ed75882-0058-4def-a06f-9739da618a68
9e31e3d9-0cd3-4a95-b87f-7367b75d3216	1	2	\N	\N	\N	2026-07-19 23:01:43.172829+00	2026-07-19 23:03:36.788042+00	742dbcb6-ab4b-4f99-a3c7-ebdd2dedf49f	5ed75882-0058-4def-a06f-9739da618a68
11da6deb-0959-43c7-9515-fc073834b030	1	2	\N	\N	\N	2026-07-19 23:01:43.175157+00	2026-07-19 23:03:36.789618+00	f6d24158-34b4-4992-ba6f-dc5265969705	5ed75882-0058-4def-a06f-9739da618a68
4d6008de-3a0b-4863-89eb-43d3301b622b	1	2	\N	\N	\N	2026-07-19 23:01:43.176993+00	2026-07-19 23:03:36.791374+00	438fcdf9-c951-4297-b91c-e706667002fe	5ed75882-0058-4def-a06f-9739da618a68
6cd4bf0b-91f7-4f4f-b0b3-25630e9b2b20	1	2	\N	\N	\N	2026-07-19 23:01:43.178568+00	2026-07-19 23:03:36.793266+00	f1db75e4-7a37-4c4e-b16e-1c2e898fb7d6	5ed75882-0058-4def-a06f-9739da618a68
9c8739a2-95eb-42bb-bda6-41f32d31c242	1	2	\N	\N	\N	2026-07-19 23:01:43.180061+00	2026-07-19 23:03:36.794582+00	c2f50bfa-0978-4af9-9191-b909bf8956dc	5ed75882-0058-4def-a06f-9739da618a68
a26b9f34-38b6-4a9f-8c3a-7a42047a2f51	1	2	\N	\N	\N	2026-07-19 23:01:43.182124+00	2026-07-19 23:03:36.795762+00	4b3b9259-16ba-488e-9ca6-0aa559e742bc	5ed75882-0058-4def-a06f-9739da618a68
95e2ce26-5efc-443a-9bf8-ac504d849f49	1	2	\N	\N	\N	2026-07-19 23:01:43.183982+00	2026-07-19 23:03:36.796832+00	76c9282b-99ec-438a-9671-c11f9a74cef5	5ed75882-0058-4def-a06f-9739da618a68
f70f99b5-af91-4c05-8738-565dd63dc604	1	1.98	\N	\N	\N	2026-07-19 23:01:43.185945+00	2026-07-19 23:03:36.797956+00	269c8baa-7d8c-4381-aa8f-72b82d4370ba	5ed75882-0058-4def-a06f-9739da618a68
fd442ca1-a6c1-4e12-97bb-638041c80078	1	2	\N	\N	\N	2026-07-19 23:01:43.188159+00	2026-07-19 23:03:36.7992+00	3833e999-e95a-4300-93df-457990fb02cf	5ed75882-0058-4def-a06f-9739da618a68
0f072e0c-9bdc-4539-8742-19a093ec0edd	1	2	\N	\N	\N	2026-07-19 23:01:43.189713+00	2026-07-19 23:03:36.800697+00	9ab520a1-a314-4fd1-95f4-b940d5dafa52	5ed75882-0058-4def-a06f-9739da618a68
c4cfc02e-3f89-4450-b865-c766f17f5d6a	1	2	\N	\N	\N	2026-07-19 23:01:43.191378+00	2026-07-19 23:03:36.80199+00	79ea357d-459e-4e02-bf49-e6fff4bb072e	5ed75882-0058-4def-a06f-9739da618a68
025d38b7-95e8-4503-9ece-4f38ebf273fc	1	2	\N	\N	\N	2026-07-19 23:01:43.192677+00	2026-07-19 23:03:36.803156+00	24f9d39b-42a4-4102-8d14-ebab921de8a8	5ed75882-0058-4def-a06f-9739da618a68
0e13535b-e029-4c0d-9577-c4a892d1dc6f	1	2	\N	\N	\N	2026-07-19 23:01:43.194052+00	2026-07-19 23:03:36.804266+00	eb12b44a-b846-48ad-96b2-d63150887f3a	5ed75882-0058-4def-a06f-9739da618a68
18991b10-e7ab-442f-a0cf-68fb9dc24a0b	1	2	\N	\N	\N	2026-07-19 23:05:24.454075+00	2026-07-19 23:05:24.454086+00	990f829c-7489-414b-8063-5a786fcd1436	7cb054aa-e0b1-4357-a6a5-431c3bb0754e
7222ad54-bc5b-4b51-88d1-3e37718c9954	1	2	\N	\N	\N	2026-07-19 23:05:24.456361+00	2026-07-19 23:05:24.456369+00	c66214f8-f3d7-40a3-a8b4-8e9b166077c8	7cb054aa-e0b1-4357-a6a5-431c3bb0754e
fdef243d-bc64-4c36-ac20-824adc7d775a	1	2	\N	\N	\N	2026-07-19 23:05:24.458812+00	2026-07-19 23:05:24.458821+00	30a9377f-5a33-41a7-b60e-ce1a5323fb7e	7cb054aa-e0b1-4357-a6a5-431c3bb0754e
ace16ac2-4d6c-4131-9562-42014ac4b521	1	2	\N	\N	\N	2026-07-19 23:05:24.461159+00	2026-07-19 23:05:24.46117+00	08b038b9-4c60-4f86-a2f5-aa5246146c30	7cb054aa-e0b1-4357-a6a5-431c3bb0754e
33d9d890-41b1-4d0f-a881-8ed894c6a66d	1	2	\N	\N	\N	2026-07-19 23:05:24.463379+00	2026-07-19 23:05:24.463411+00	742dbcb6-ab4b-4f99-a3c7-ebdd2dedf49f	7cb054aa-e0b1-4357-a6a5-431c3bb0754e
802408a3-40db-44f9-9782-16fd9aa43cc9	1	2	\N	\N	\N	2026-07-19 23:05:24.465493+00	2026-07-19 23:05:24.465502+00	f6d24158-34b4-4992-ba6f-dc5265969705	7cb054aa-e0b1-4357-a6a5-431c3bb0754e
a44431e9-f98f-4256-ba2f-98ebed1b28ef	1	2	\N	\N	\N	2026-07-19 23:05:24.468062+00	2026-07-19 23:05:24.46807+00	438fcdf9-c951-4297-b91c-e706667002fe	7cb054aa-e0b1-4357-a6a5-431c3bb0754e
964cff55-8918-4441-9a67-d87900d34e35	1	2	\N	\N	\N	2026-07-19 23:05:24.469736+00	2026-07-19 23:05:24.469745+00	f1db75e4-7a37-4c4e-b16e-1c2e898fb7d6	7cb054aa-e0b1-4357-a6a5-431c3bb0754e
1f5faf14-f30a-4340-95c4-dfe9435f576c	1	2	\N	\N	\N	2026-07-19 23:05:24.47124+00	2026-07-19 23:05:24.471245+00	c2f50bfa-0978-4af9-9191-b909bf8956dc	7cb054aa-e0b1-4357-a6a5-431c3bb0754e
7a1ad562-4fbb-49ac-835e-13ec9fd28bb8	1	2	\N	\N	\N	2026-07-19 23:05:24.472928+00	2026-07-19 23:05:24.472933+00	4b3b9259-16ba-488e-9ca6-0aa559e742bc	7cb054aa-e0b1-4357-a6a5-431c3bb0754e
d5088325-56db-485a-bdf8-7ce73163dc36	1	2	\N	\N	\N	2026-07-19 23:05:24.474656+00	2026-07-19 23:05:24.47466+00	76c9282b-99ec-438a-9671-c11f9a74cef5	7cb054aa-e0b1-4357-a6a5-431c3bb0754e
6a87bf04-cab7-4b38-921c-c3101222da21	1	2	\N	\N	\N	2026-07-19 23:05:24.476529+00	2026-07-19 23:05:24.476533+00	269c8baa-7d8c-4381-aa8f-72b82d4370ba	7cb054aa-e0b1-4357-a6a5-431c3bb0754e
be49484e-e62d-4b4d-98f3-d7e993656a81	1	2	\N	\N	\N	2026-07-19 23:05:24.478445+00	2026-07-19 23:05:24.47845+00	3833e999-e95a-4300-93df-457990fb02cf	7cb054aa-e0b1-4357-a6a5-431c3bb0754e
c84641ff-3b0a-4469-be60-dc08f499db9f	1	2	\N	\N	\N	2026-07-19 23:06:01.888026+00	2026-07-19 23:06:01.888029+00	9ab520a1-a314-4fd1-95f4-b940d5dafa52	7cb054aa-e0b1-4357-a6a5-431c3bb0754e
9c975485-ad5d-4640-b82a-a6d075bad593	1	2	\N	\N	\N	2026-07-19 23:06:01.888062+00	2026-07-19 23:06:01.888065+00	79ea357d-459e-4e02-bf49-e6fff4bb072e	7cb054aa-e0b1-4357-a6a5-431c3bb0754e
dbcd10a8-63b1-4fab-a2a1-09bdb3180fea	1	2	\N	\N	\N	2026-07-19 23:06:01.888375+00	2026-07-19 23:06:01.888407+00	24f9d39b-42a4-4102-8d14-ebab921de8a8	7cb054aa-e0b1-4357-a6a5-431c3bb0754e
5b34a4fc-a3b8-4f65-b6ba-85fa43849c04	1	2	\N	\N	\N	2026-07-19 23:06:01.888467+00	2026-07-19 23:06:01.888474+00	eb12b44a-b846-48ad-96b2-d63150887f3a	7cb054aa-e0b1-4357-a6a5-431c3bb0754e
0b89555a-f377-40a4-b058-2ad172d9f9db	1	2	\N	\N	\N	2026-07-19 23:09:30.603039+00	2026-07-19 23:09:58.334196+00	990f829c-7489-414b-8063-5a786fcd1436	9eeb8764-5e25-4450-8891-b5d99e463da0
e3d72082-9665-4f02-a06d-343cc1e003f5	1	1.95	\N	\N	\N	2026-07-19 23:09:30.605508+00	2026-07-19 23:09:58.337202+00	c66214f8-f3d7-40a3-a8b4-8e9b166077c8	9eeb8764-5e25-4450-8891-b5d99e463da0
f29cff39-8b79-4b9a-94e1-e745313b4a10	1	1.98	\N	\N	\N	2026-07-19 23:09:30.608042+00	2026-07-19 23:09:58.339371+00	30a9377f-5a33-41a7-b60e-ce1a5323fb7e	9eeb8764-5e25-4450-8891-b5d99e463da0
b86968ee-61bc-43d3-95bf-1dfa609498f7	1	1.97	\N	\N	\N	2026-07-19 23:09:30.610175+00	2026-07-19 23:09:58.341219+00	08b038b9-4c60-4f86-a2f5-aa5246146c30	9eeb8764-5e25-4450-8891-b5d99e463da0
b2cd87bc-719f-4bc9-aef8-1ecb2751fed6	1	2	\N	\N	\N	2026-07-19 23:09:30.61219+00	2026-07-19 23:09:58.342635+00	742dbcb6-ab4b-4f99-a3c7-ebdd2dedf49f	9eeb8764-5e25-4450-8891-b5d99e463da0
749d23ab-0db9-4d64-aa00-70fdfb69a0ac	1	1.96	\N	\N	\N	2026-07-19 23:09:30.614005+00	2026-07-19 23:09:58.343861+00	f6d24158-34b4-4992-ba6f-dc5265969705	9eeb8764-5e25-4450-8891-b5d99e463da0
e9fb233f-96f5-46d4-a8f8-95cab7246ecd	1	1.98	\N	\N	\N	2026-07-19 23:09:30.616088+00	2026-07-19 23:09:58.345196+00	438fcdf9-c951-4297-b91c-e706667002fe	9eeb8764-5e25-4450-8891-b5d99e463da0
3dd559fe-deda-4703-8246-2e7fad0651e0	1	2	\N	\N	\N	2026-07-19 23:09:30.618244+00	2026-07-19 23:09:58.346483+00	f1db75e4-7a37-4c4e-b16e-1c2e898fb7d6	9eeb8764-5e25-4450-8891-b5d99e463da0
31dcf38a-c644-441b-b9cf-376310acf26a	1	2	\N	\N	\N	2026-07-19 23:09:30.620092+00	2026-07-19 23:09:58.347865+00	c2f50bfa-0978-4af9-9191-b909bf8956dc	9eeb8764-5e25-4450-8891-b5d99e463da0
a12960e3-a59f-41ef-91d5-ee71069426cf	1	1.96	\N	\N	\N	2026-07-19 23:09:30.62172+00	2026-07-19 23:09:58.349376+00	4b3b9259-16ba-488e-9ca6-0aa559e742bc	9eeb8764-5e25-4450-8891-b5d99e463da0
5e2742ab-d1d4-4839-ae6f-9122f1399f87	1	2	\N	\N	\N	2026-07-19 23:09:30.623381+00	2026-07-19 23:09:58.350818+00	76c9282b-99ec-438a-9671-c11f9a74cef5	9eeb8764-5e25-4450-8891-b5d99e463da0
8ad5a109-f2b9-4530-95fa-ecf060a99c6f	1	1.97	\N	\N	\N	2026-07-19 23:09:30.625057+00	2026-07-19 23:09:58.352166+00	269c8baa-7d8c-4381-aa8f-72b82d4370ba	9eeb8764-5e25-4450-8891-b5d99e463da0
7bdb0457-2dae-4606-b538-72bdcf1d7f77	1	2	\N	\N	\N	2026-07-19 23:09:30.62623+00	2026-07-19 23:09:58.353465+00	3833e999-e95a-4300-93df-457990fb02cf	9eeb8764-5e25-4450-8891-b5d99e463da0
ac58a274-767b-4827-b766-1332d8eddc5b	1	2	\N	\N	\N	2026-07-19 23:09:30.627351+00	2026-07-19 23:09:58.354611+00	9ab520a1-a314-4fd1-95f4-b940d5dafa52	9eeb8764-5e25-4450-8891-b5d99e463da0
63dc8b2d-43f3-44e4-9bb0-f491ec15fb18	1	1.95	\N	\N	\N	2026-07-19 23:09:30.628427+00	2026-07-19 23:09:58.355695+00	79ea357d-459e-4e02-bf49-e6fff4bb072e	9eeb8764-5e25-4450-8891-b5d99e463da0
1ec5e596-1d90-424d-b7a1-41e4d281c0cc	1	1.97	\N	\N	\N	2026-07-19 23:09:30.629467+00	2026-07-19 23:09:58.356849+00	24f9d39b-42a4-4102-8d14-ebab921de8a8	9eeb8764-5e25-4450-8891-b5d99e463da0
a31c2b0d-b9c6-44ca-a2ff-b3b1f9986004	1	2	\N	\N	\N	2026-07-19 23:09:30.630483+00	2026-07-19 23:09:58.358148+00	eb12b44a-b846-48ad-96b2-d63150887f3a	9eeb8764-5e25-4450-8891-b5d99e463da0
e23f8053-31b5-4f88-a746-068de3e3c689	1	2	\N	\N	\N	2026-07-20 01:00:31.49428+00	2026-07-20 01:00:43.382657+00	990f829c-7489-414b-8063-5a786fcd1436	cf0b2f6a-662a-4810-bfa5-ec9d3092d7f7
4fa8ea89-b2f0-486a-a5fb-023edbfe60f6	1	2	\N	\N	\N	2026-07-20 01:00:31.496105+00	2026-07-20 01:00:43.386229+00	c66214f8-f3d7-40a3-a8b4-8e9b166077c8	cf0b2f6a-662a-4810-bfa5-ec9d3092d7f7
8aaff167-0eed-42f0-9b62-c982918251c0	1	2	\N	\N	\N	2026-07-20 01:00:31.497968+00	2026-07-20 01:00:43.387947+00	08b038b9-4c60-4f86-a2f5-aa5246146c30	cf0b2f6a-662a-4810-bfa5-ec9d3092d7f7
1ed27a04-bc72-42ba-8be9-613bdd1f2690	1	2	\N	\N	\N	2026-07-20 01:00:31.499888+00	2026-07-20 01:00:43.389497+00	742dbcb6-ab4b-4f99-a3c7-ebdd2dedf49f	cf0b2f6a-662a-4810-bfa5-ec9d3092d7f7
752ae564-39fb-4e99-8df3-8821bd85ff65	1	2	\N	\N	\N	2026-07-20 01:00:31.501594+00	2026-07-20 01:00:43.395902+00	438fcdf9-c951-4297-b91c-e706667002fe	cf0b2f6a-662a-4810-bfa5-ec9d3092d7f7
99891568-6659-453e-9919-2ea7b15b8f0b	1	2	\N	\N	\N	2026-07-20 01:00:31.503025+00	2026-07-20 01:00:43.397874+00	f1db75e4-7a37-4c4e-b16e-1c2e898fb7d6	cf0b2f6a-662a-4810-bfa5-ec9d3092d7f7
45f450da-35d6-4b62-8166-aab65d0bf1b8	1	2	\N	\N	\N	2026-07-20 01:01:19.489087+00	2026-07-20 01:01:33.193001+00	990f829c-7489-414b-8063-5a786fcd1436	94533507-a4d6-47d6-99f9-a15622ed9741
0e8850c3-a0de-4a6a-9771-8bad78f788c5	1	1.97	\N	\N	\N	2026-07-20 01:01:19.491878+00	2026-07-20 01:01:33.19612+00	c66214f8-f3d7-40a3-a8b4-8e9b166077c8	94533507-a4d6-47d6-99f9-a15622ed9741
35cef982-c194-4743-a1d7-5accf6850e15	1	2	\N	\N	\N	2026-07-20 01:01:19.493816+00	2026-07-20 01:01:33.198212+00	08b038b9-4c60-4f86-a2f5-aa5246146c30	94533507-a4d6-47d6-99f9-a15622ed9741
e46a2402-8b73-4d93-bf82-1af8804d1c52	1	1.95	\N	\N	\N	2026-07-20 01:01:19.495621+00	2026-07-20 01:01:33.199762+00	742dbcb6-ab4b-4f99-a3c7-ebdd2dedf49f	94533507-a4d6-47d6-99f9-a15622ed9741
563c5603-c234-48be-afda-4b562a21562d	1	2	\N	\N	\N	2026-07-20 01:01:19.497404+00	2026-07-20 01:01:33.201142+00	438fcdf9-c951-4297-b91c-e706667002fe	94533507-a4d6-47d6-99f9-a15622ed9741
e9abe22c-b376-4c19-bb6a-2fff404265ed	1	1.71	\N	\N	\N	2026-07-20 01:01:19.499811+00	2026-07-20 01:01:33.202436+00	f1db75e4-7a37-4c4e-b16e-1c2e898fb7d6	94533507-a4d6-47d6-99f9-a15622ed9741
458dd018-a52f-4354-88e8-c501137142b6	1	2	\N	\N	\N	2026-07-20 01:01:34.414469+00	2026-07-20 01:01:34.414493+00	990f829c-7489-414b-8063-5a786fcd1436	94533507-a4d6-47d6-99f9-a15622ed9741
bc556614-3569-4902-836d-088390b1c866	1	1.97	\N	\N	\N	2026-07-20 01:01:34.414536+00	2026-07-20 01:01:34.41454+00	c66214f8-f3d7-40a3-a8b4-8e9b166077c8	94533507-a4d6-47d6-99f9-a15622ed9741
41f2727c-1cc3-43f5-b85c-ba40597c7720	1	2	\N	\N	\N	2026-07-20 01:01:34.414574+00	2026-07-20 01:01:34.414578+00	08b038b9-4c60-4f86-a2f5-aa5246146c30	94533507-a4d6-47d6-99f9-a15622ed9741
4cb15e12-0141-4868-b83b-8bbd7125bb97	1	1.95	\N	\N	\N	2026-07-20 01:01:34.414611+00	2026-07-20 01:01:34.414615+00	742dbcb6-ab4b-4f99-a3c7-ebdd2dedf49f	94533507-a4d6-47d6-99f9-a15622ed9741
b79e5190-de0b-434a-aba4-af6a89f9ab4c	1	2	\N	\N	\N	2026-07-20 01:01:34.414647+00	2026-07-20 01:01:34.414651+00	438fcdf9-c951-4297-b91c-e706667002fe	94533507-a4d6-47d6-99f9-a15622ed9741
09e8ce4e-1a3e-4612-92ac-c82faf2ef95b	1	1.71	\N	\N	\N	2026-07-20 01:01:34.414685+00	2026-07-20 01:01:34.414689+00	f1db75e4-7a37-4c4e-b16e-1c2e898fb7d6	94533507-a4d6-47d6-99f9-a15622ed9741
\.


--
-- Data for Name: s_marques; Type: TABLE DATA; Schema: public; Owner: mac
--

COPY public.s_marques (id, created_at, updated_at, marque_id, sous_categorie_id) FROM stdin;
0ae4bab3-a91f-4291-97a0-3f7c91eb0010	2026-07-15 08:54:09.79+00	2026-07-15 08:54:09.79+00	d1810cae-8de1-4fb3-a9fb-8233a27868bc	f157ed6a-b8cf-4d92-b9d4-77ebb887cc36
20084317-1871-4eb2-a8ec-63b89549f6ec	2026-07-15 08:54:09.788+00	2026-07-15 08:54:09.788+00	a4a0cdd6-67ba-4e7f-9629-df042476f424	f157ed6a-b8cf-4d92-b9d4-77ebb887cc36
28c99482-766d-4678-96a4-0d027217575d	2026-07-15 00:35:17.246+00	2026-07-15 00:35:17.246+00	d33d7245-0dfa-4929-a1f3-127f296fc784	3ce65f7a-30e1-4205-9d53-35ac6f0d5408
39056381-11da-4fe5-9943-ce7d8db76fdb	2026-07-15 08:54:09.774+00	2026-07-15 08:54:09.774+00	a0d0fb69-af81-4a62-aa51-dc752bf54f7f	91f81655-7cab-49dd-9822-44f083b29fae
44610892-e8f3-4f40-9814-523b8d44196f	2026-07-15 08:54:09.778+00	2026-07-15 08:54:09.778+00	208aafc0-233f-4d5a-9e43-6c90b99222f4	91f81655-7cab-49dd-9822-44f083b29fae
b1615765-366b-4902-9e10-184dd7ad3e30	2026-07-15 08:54:09.785+00	2026-07-15 08:54:09.785+00	a0d0fb69-af81-4a62-aa51-dc752bf54f7f	f157ed6a-b8cf-4d92-b9d4-77ebb887cc36
f476aa22-6d0b-477c-b966-d8c12d6b48bb	2026-07-15 00:35:17.243+00	2026-07-15 00:35:17.243+00	1f0e1476-2a7d-4261-a3d0-ce646eed4ef8	3ce65f7a-30e1-4205-9d53-35ac6f0d5408
f560bd0c-0802-437a-a857-8e0375e52ace	2026-07-15 08:54:09.782+00	2026-07-15 08:54:09.782+00	d1810cae-8de1-4fb3-a9fb-8233a27868bc	91f81655-7cab-49dd-9822-44f083b29fae
f8c56b43-efef-4aae-a515-c99aa1084d29	2026-07-15 00:35:17.239+00	2026-07-15 00:35:17.239+00	a0d0fb69-af81-4a62-aa51-dc752bf54f7f	3ce65f7a-30e1-4205-9d53-35ac6f0d5408
\.


--
-- Data for Name: secteurs; Type: TABLE DATA; Schema: public; Owner: mac
--

COPY public.secteurs (id, nom, created_at, updated_at) FROM stdin;
6ff98471-26f2-469e-af01-598e8812585a	Casablanca Centre	2026-07-15 00:35:17.232+00	2026-07-15 00:35:17.232+00
\.


--
-- Data for Name: segment_marques; Type: TABLE DATA; Schema: public; Owner: mac
--

COPY public.segment_marques (id, created_at, updated_at, marque_id, segment_id) FROM stdin;
1becb9b7-242b-4f08-8c17-60529e6f0116	2026-07-15 08:54:09.83+00	2026-07-15 08:54:09.83+00	63bb1d3e-6c8f-4a84-a941-377ed2d2ca74	4a4a8986-0e78-4119-ba4f-91a6a25f6356
234d093e-305a-4804-beea-595c517ba0e8	2026-07-15 08:54:09.849+00	2026-07-15 08:54:09.849+00	14ae0e5e-c0cb-435b-8678-ccbef2e5e399	b211a1da-f21c-4ca9-8da0-59ee7289ed17
2c12d859-fcc1-42cb-8d0b-13804f30a799	2026-07-15 08:54:09.811+00	2026-07-15 08:54:09.811+00	748c0ab3-84f2-4ef1-9e5e-f9925f0aae1f	52824238-5406-4ff3-9826-a2ed1d5e9cee
3904aaf9-d179-4168-8d7b-7d9f902f0e79	2026-07-15 08:54:09.827+00	2026-07-15 08:54:09.827+00	3bc2bbd9-cdbf-4234-a9ca-453494eac137	52824238-5406-4ff3-9826-a2ed1d5e9cee
496c13de-df35-4bb7-bf86-515179c906a7	2026-07-15 08:54:09.856+00	2026-07-15 08:54:09.856+00	2e4c1bc3-3b43-4412-bf1b-f1d9b7635b99	b211a1da-f21c-4ca9-8da0-59ee7289ed17
4ef8ed6c-b75c-4833-aac1-add81ed7002e	2026-07-15 08:54:09.837+00	2026-07-15 08:54:09.837+00	ca3ac69d-3214-4ccf-a07f-7a7322653ec6	4a4a8986-0e78-4119-ba4f-91a6a25f6356
52edfb92-6885-4522-a78a-cec15c3fba78	2026-07-15 08:54:09.819+00	2026-07-15 08:54:09.819+00	14ae0e5e-c0cb-435b-8678-ccbef2e5e399	52824238-5406-4ff3-9826-a2ed1d5e9cee
5403c3c5-bab6-40aa-8d69-f6188e6055b0	2026-07-15 08:54:09.841+00	2026-07-15 08:54:09.841+00	2915b88b-43de-4765-8d34-804d2273b54e	3c5ac988-5079-4182-b50d-aea39542e264
5d9ad7e3-6b48-40c2-a4bd-e9960fec2e10	2026-07-15 08:54:09.823+00	2026-07-15 08:54:09.823+00	2915b88b-43de-4765-8d34-804d2273b54e	52824238-5406-4ff3-9826-a2ed1d5e9cee
6f93a47d-0dcb-442d-a945-649f7e8f5b0b	2026-07-15 08:54:09.835+00	2026-07-15 08:54:09.835+00	950c16bc-e1f4-43fe-ac5a-7d6f8a9354ac	4a4a8986-0e78-4119-ba4f-91a6a25f6356
8044ec54-0993-4ebc-af77-5d489e2a1e76	2026-07-15 08:54:09.867+00	2026-07-15 08:54:09.867+00	6e3701e3-90ac-47a4-af75-29144f11f284	3dee558f-316b-4d21-b18f-e1fa28b252a2
830e1ae5-adf5-4730-a773-2a5f8f98ac84	2026-07-15 08:54:09.816+00	2026-07-15 08:54:09.816+00	489476e2-e56f-45d2-8154-5216212e6dd9	52824238-5406-4ff3-9826-a2ed1d5e9cee
8e4f1bfc-93b9-4c5e-8c93-cd090c74c991	2026-07-15 08:54:09.795+00	2026-07-15 08:54:09.795+00	63bb1d3e-6c8f-4a84-a941-377ed2d2ca74	5ab13d67-16c2-40bf-b153-cebc9e7c521c
a2d75229-080d-44eb-b7a7-b9484dba145c	2026-07-15 08:54:09.839+00	2026-07-15 08:54:09.839+00	748c0ab3-84f2-4ef1-9e5e-f9925f0aae1f	4a4a8986-0e78-4119-ba4f-91a6a25f6356
a39a3f50-f294-4b2e-9621-cab857293733	2026-07-15 08:54:09.797+00	2026-07-15 08:54:09.797+00	10740f82-8734-47cd-84e4-1811d8b9a5d9	5ab13d67-16c2-40bf-b153-cebc9e7c521c
a3abe800-736d-481b-a7be-4caf8c34e622	2026-07-15 08:54:09.803+00	2026-07-15 08:54:09.803+00	14ae0e5e-c0cb-435b-8678-ccbef2e5e399	5ab13d67-16c2-40bf-b153-cebc9e7c521c
b35e1779-1ab8-4c95-a0c6-cec09c76aba9	2026-07-15 08:54:09.851+00	2026-07-15 08:54:09.851+00	6e3701e3-90ac-47a4-af75-29144f11f284	b211a1da-f21c-4ca9-8da0-59ee7289ed17
c14f8e71-947c-48e5-9727-d6f80af8962c	2026-07-15 08:54:09.821+00	2026-07-15 08:54:09.821+00	8c1b225a-4a7c-49d1-bc1c-b98e53c0e91e	52824238-5406-4ff3-9826-a2ed1d5e9cee
c322dfc1-b392-4e67-b24e-f44c138410a2	2026-07-15 08:54:09.866+00	2026-07-15 08:54:09.866+00	8b27d94f-b64c-4338-893a-92e85e00eeef	3dee558f-316b-4d21-b18f-e1fa28b252a2
da958eaf-5a28-42bb-9f55-0021f41da71f	2026-07-15 08:54:09.832+00	2026-07-15 08:54:09.832+00	10740f82-8734-47cd-84e4-1811d8b9a5d9	4a4a8986-0e78-4119-ba4f-91a6a25f6356
dd80ae63-97b4-4314-9a96-11b8084c3f23	2026-07-15 08:54:09.807+00	2026-07-15 08:54:09.807+00	2e4c1bc3-3b43-4412-bf1b-f1d9b7635b99	5ab13d67-16c2-40bf-b153-cebc9e7c521c
e4d2470b-7be5-4a25-827f-7c65bf41ed31	2026-07-15 08:54:09.844+00	2026-07-15 08:54:09.844+00	a46983ba-a1d9-4268-bb14-22f08e034190	3c5ac988-5079-4182-b50d-aea39542e264
e7aba787-c958-4724-b001-230489c973f8	2026-07-15 08:54:09.809+00	2026-07-15 08:54:09.809+00	3c8a3d1d-acc6-4453-a5a7-682e63c78cc6	52824238-5406-4ff3-9826-a2ed1d5e9cee
f5980ed8-a6d5-499b-b83b-9990291c407c	2026-07-15 08:54:09.862+00	2026-07-15 08:54:09.862+00	748c0ab3-84f2-4ef1-9e5e-f9925f0aae1f	3dee558f-316b-4d21-b18f-e1fa28b252a2
f8910052-3c13-4071-b353-e014d62ed336	2026-07-15 08:54:09.842+00	2026-07-15 08:54:09.842+00	3bc2bbd9-cdbf-4234-a9ca-453494eac137	3c5ac988-5079-4182-b50d-aea39542e264
ff9a07f5-f0e9-4ceb-8c7d-623916ef59f9	2026-07-15 08:54:09.859+00	2026-07-15 08:54:09.859+00	9f5a131e-dbf3-4fa7-a9e6-99e230574f59	b211a1da-f21c-4ca9-8da0-59ee7289ed17
\.


--
-- Data for Name: segments; Type: TABLE DATA; Schema: public; Owner: mac
--

COPY public.segments (id, nom, created_at, updated_at, sous_categorie_id) FROM stdin;
3c5ac988-5079-4182-b50d-aea39542e264	3 / 4 PLIS	2026-07-15 08:54:09.84+00	2026-07-15 08:54:09.84+00	eaa0e2b1-5565-4ab0-b446-560203aa632e
3dee558f-316b-4d21-b18f-e1fa28b252a2	3 PLIS	2026-07-15 08:54:09.861+00	2026-07-15 08:54:09.861+00	e9ec58ec-bddb-4cae-b323-e8ef34f9ba84
4a4a8986-0e78-4119-ba4f-91a6a25f6356	2 PLIS	2026-07-15 08:54:09.829+00	2026-07-15 08:54:09.829+00	eaa0e2b1-5565-4ab0-b446-560203aa632e
52824238-5406-4ff3-9826-a2ed1d5e9cee	3 PLIS	2026-07-15 08:54:09.808+00	2026-07-15 08:54:09.808+00	3f9c6d89-2d93-4b06-9882-209ceb5b61d0
5ab13d67-16c2-40bf-b153-cebc9e7c521c	2 PLIS	2026-07-15 08:54:09.793+00	2026-07-15 08:54:09.793+00	3f9c6d89-2d93-4b06-9882-209ceb5b61d0
b211a1da-f21c-4ca9-8da0-59ee7289ed17	2 PLIS	2026-07-15 08:54:09.848+00	2026-07-15 08:54:09.848+00	e9ec58ec-bddb-4cae-b323-e8ef34f9ba84
33ae563c-d263-407d-bc10-19e5c55b7560	2 PLIS	2026-07-20 11:13:39.098289+00	2026-07-20 11:13:39.098293+00	22e44251-8779-4e29-80f4-47bdbab63f2a
\.


--
-- Data for Name: skus; Type: TABLE DATA; Schema: public; Owner: mac
--

COPY public.skus (id, nom, created_at, updated_at, marque_id, unite) FROM stdin;
21d1eee1-527e-40d1-8513-651783c07d5f	225gr	2026-07-15 00:35:17.24+00	2026-07-15 13:53:17.451256+00	a0d0fb69-af81-4a62-aa51-dc752bf54f7f	g
060c91dc-995f-409c-abe8-c76475140f74	500gr	2026-07-15 00:35:17.241+00	2026-07-15 13:53:17.454048+00	a0d0fb69-af81-4a62-aa51-dc752bf54f7f	g
f797011e-1e31-4cf2-aad5-68fe3f9b87f0	1Kg	2026-07-15 00:35:17.242+00	2026-07-15 13:53:17.456235+00	a0d0fb69-af81-4a62-aa51-dc752bf54f7f	kg
28332e99-7bce-475f-8137-6d5b167a4870	1,5Kg	2026-07-15 00:35:17.242+00	2026-07-15 13:53:17.458845+00	a0d0fb69-af81-4a62-aa51-dc752bf54f7f	kg
1e7f6fb7-263a-41b2-8d78-d76d73de3bbc	300gr	2026-07-15 00:35:17.244+00	2026-07-15 13:53:17.460913+00	1f0e1476-2a7d-4261-a3d0-ce646eed4ef8	g
9d0385fb-3681-40eb-be18-3193d0e8dd65	500gr	2026-07-15 00:35:17.245+00	2026-07-15 13:53:17.462903+00	1f0e1476-2a7d-4261-a3d0-ce646eed4ef8	g
30a9377f-5a33-41a7-b60e-ce1a5323fb7e	4	2026-07-15 00:35:17.258+00	2026-07-15 15:28:22.501927+00	63bb1d3e-6c8f-4a84-a941-377ed2d2ca74	pcs
990f829c-7489-414b-8063-5a786fcd1436	12	2026-07-15 00:35:17.259+00	2026-07-15 15:28:22.505262+00	63bb1d3e-6c8f-4a84-a941-377ed2d2ca74	pcs
4b3b9259-16ba-488e-9ca6-0aa559e742bc	4	2026-07-15 08:54:09.798+00	2026-07-15 15:28:22.507218+00	10740f82-8734-47cd-84e4-1811d8b9a5d9	pcs
76c9282b-99ec-438a-9671-c11f9a74cef5	6	2026-07-15 08:54:09.799+00	2026-07-15 15:28:22.509162+00	10740f82-8734-47cd-84e4-1811d8b9a5d9	pcs
438fcdf9-c951-4297-b91c-e706667002fe	12	2026-07-15 08:54:09.8+00	2026-07-15 15:28:22.511068+00	10740f82-8734-47cd-84e4-1811d8b9a5d9	pcs
269c8baa-7d8c-4381-aa8f-72b82d4370ba	6 compact	2026-07-15 08:54:09.801+00	2026-07-15 15:28:22.512959+00	10740f82-8734-47cd-84e4-1811d8b9a5d9	pcs
79ea357d-459e-4e02-bf49-e6fff4bb072e	4	2026-07-15 08:54:09.803+00	2026-07-15 15:28:22.514882+00	14ae0e5e-c0cb-435b-8678-ccbef2e5e399	pcs
24f9d39b-42a4-4102-8d14-ebab921de8a8	6	2026-07-15 08:54:09.804+00	2026-07-15 15:28:22.516828+00	14ae0e5e-c0cb-435b-8678-ccbef2e5e399	pcs
3833e999-e95a-4300-93df-457990fb02cf	12	2026-07-15 08:54:09.806+00	2026-07-15 15:28:22.518718+00	14ae0e5e-c0cb-435b-8678-ccbef2e5e399	pcs
08b038b9-4c60-4f86-a2f5-aa5246146c30	6 compact	2026-07-15 08:54:09.808+00	2026-07-15 15:28:22.520618+00	2e4c1bc3-3b43-4412-bf1b-f1d9b7635b99	pcs
114b1aea-1f64-4231-ac9b-3dde54ccd03a	9	2026-07-15 08:54:09.81+00	2026-07-15 15:28:22.523158+00	3c8a3d1d-acc6-4453-a5a7-682e63c78cc6	pcs
0641fd4a-4e79-47b4-af44-605084080faf	9	2026-07-15 08:54:09.812+00	2026-07-15 15:28:22.525498+00	748c0ab3-84f2-4ef1-9e5e-f9925f0aae1f	pcs
7c26e778-3c78-41b0-a2aa-ea6ad7d027d5	12	2026-07-15 08:54:09.813+00	2026-07-15 15:28:22.527582+00	748c0ab3-84f2-4ef1-9e5e-f9925f0aae1f	pcs
9853bc88-72c0-4767-a530-33790e2491af	24	2026-07-15 08:54:09.814+00	2026-07-15 15:28:22.529503+00	748c0ab3-84f2-4ef1-9e5e-f9925f0aae1f	pcs
9065776a-ad15-4de5-a4c1-1c4867d678db	32	2026-07-15 08:54:09.815+00	2026-07-15 15:28:22.531414+00	748c0ab3-84f2-4ef1-9e5e-f9925f0aae1f	pcs
914436c8-37c4-45c8-838d-c5fea7378517	9	2026-07-15 08:54:09.817+00	2026-07-15 15:28:22.533362+00	489476e2-e56f-45d2-8154-5216212e6dd9	pcs
c3bd3bef-7ff3-4d5a-809d-695ef20544d8	32	2026-07-15 08:54:09.818+00	2026-07-15 15:28:22.535514+00	489476e2-e56f-45d2-8154-5216212e6dd9	pcs
eb12b44a-b846-48ad-96b2-d63150887f3a	9	2026-07-15 08:54:09.82+00	2026-07-15 15:28:22.537549+00	14ae0e5e-c0cb-435b-8678-ccbef2e5e399	pcs
e687ac24-a6a4-4564-97c5-3663661a24de	9	2026-07-15 08:54:09.822+00	2026-07-15 15:28:22.539459+00	8c1b225a-4a7c-49d1-bc1c-b98e53c0e91e	pcs
8c1cb38b-49b7-4f3a-825d-70701a2dd347	9	2026-07-15 08:54:09.823+00	2026-07-15 15:28:22.541362+00	2915b88b-43de-4765-8d34-804d2273b54e	pcs
4994dd6c-130e-43b7-b89b-37259b529aa5	6	2026-07-15 08:54:09.825+00	2026-07-15 15:28:22.543276+00	2915b88b-43de-4765-8d34-804d2273b54e	pcs
ddc09d31-edba-4f5c-8dfa-e62bf7d7ff90	32	2026-07-15 08:54:09.826+00	2026-07-15 15:28:22.545185+00	2915b88b-43de-4765-8d34-804d2273b54e	pcs
dc320f18-5556-4ac3-a66f-f83017402cbf	12	2026-07-15 08:54:09.828+00	2026-07-15 15:28:22.547086+00	3bc2bbd9-cdbf-4234-a9ca-453494eac137	pcs
c66214f8-f3d7-40a3-a8b4-8e9b166077c8	2P 550	2026-07-15 08:54:09.831+00	2026-07-15 15:28:22.549473+00	63bb1d3e-6c8f-4a84-a941-377ed2d2ca74	pcs
c2f50bfa-0978-4af9-9191-b909bf8956dc	2P 550	2026-07-15 08:54:09.833+00	2026-07-15 15:28:22.551389+00	10740f82-8734-47cd-84e4-1811d8b9a5d9	pcs
f1db75e4-7a37-4c4e-b16e-1c2e898fb7d6	2P 300	2026-07-15 08:54:09.834+00	2026-07-15 15:28:22.55331+00	10740f82-8734-47cd-84e4-1811d8b9a5d9	pcs
9707dafb-bc42-42d9-a0c3-87e614017157	2P 600	2026-07-15 08:54:09.836+00	2026-07-15 15:28:22.55519+00	950c16bc-e1f4-43fe-ac5a-7d6f8a9354ac	pcs
a2275af4-36f5-4c34-ad55-c442ec56ed99	2P 550	2026-07-15 08:54:09.837+00	2026-07-15 15:28:22.557054+00	ca3ac69d-3214-4ccf-a07f-7a7322653ec6	pcs
0f2ccb59-2362-4ef9-ab78-708fc3514dbc	2P 550	2026-07-15 08:54:09.839+00	2026-07-15 15:28:22.559037+00	748c0ab3-84f2-4ef1-9e5e-f9925f0aae1f	pcs
a3b96a44-3d10-4355-851c-98fe9bb14365	3P 550	2026-07-15 08:54:09.841+00	2026-07-15 15:28:22.560899+00	2915b88b-43de-4765-8d34-804d2273b54e	pcs
239a26f6-2793-4ba4-a918-ff14e9392e1e	4P 500	2026-07-15 08:54:35.007+00	2026-07-15 15:28:22.562755+00	2915b88b-43de-4765-8d34-804d2273b54e	pcs
f1747c97-2d13-42d4-89b2-62a8acfb090f	3P 550	2026-07-15 08:54:09.843+00	2026-07-15 15:28:22.56501+00	3bc2bbd9-cdbf-4234-a9ca-453494eac137	pcs
0898dd4b-b2db-48b8-81c2-430356c66c32	3P	2026-07-15 08:54:09.845+00	2026-07-15 15:28:22.567254+00	a46983ba-a1d9-4268-bb14-22f08e034190	pcs
0b59019f-cdb9-4413-b032-eb043ac78b62	4P	2026-07-15 08:54:09.846+00	2026-07-15 15:28:22.569399+00	a46983ba-a1d9-4268-bb14-22f08e034190	pcs
78be4005-dbd0-4260-8a8a-80a77ade4043	3P CARTON	2026-07-15 08:54:09.847+00	2026-07-15 15:28:22.57141+00	a46983ba-a1d9-4268-bb14-22f08e034190	pcs
027dc227-b5bc-472e-996b-41845d43e0cf	1Kg	2026-07-15 00:35:17.245+00	2026-07-15 13:53:17.464954+00	1f0e1476-2a7d-4261-a3d0-ce646eed4ef8	kg
3e177b7f-2768-4ad3-a533-e1d2b8fb1db4	400gr	2026-07-15 00:35:17.248+00	2026-07-15 13:53:17.467745+00	d33d7245-0dfa-4929-a1f3-127f296fc784	g
3aecc3dd-c3b4-4df4-afb9-4a86831cb877	900gr	2026-07-15 00:35:17.248+00	2026-07-15 13:53:17.469419+00	d33d7245-0dfa-4929-a1f3-127f296fc784	g
d3fe17c9-d126-43df-b90f-c4826ea9a40f	1,5Kg	2026-07-15 00:35:17.249+00	2026-07-15 13:53:17.471295+00	d33d7245-0dfa-4929-a1f3-127f296fc784	kg
16c1ddfb-e9e2-48b7-ab2a-a8d522c97205	1L	2026-07-15 00:35:17.253+00	2026-07-15 13:53:17.474623+00	a0d0fb69-af81-4a62-aa51-dc752bf54f7f	L
85bcdeff-548f-4322-a671-47064ec96961	1,8L	2026-07-15 00:35:17.254+00	2026-07-15 13:53:17.476887+00	a0d0fb69-af81-4a62-aa51-dc752bf54f7f	L
882f5d8d-b81d-4c2a-9393-f4082dcb5725	3L	2026-07-15 00:35:17.255+00	2026-07-15 13:53:17.479068+00	a0d0fb69-af81-4a62-aa51-dc752bf54f7f	L
967f33d6-6421-4fc4-a0fb-53e312ea61d5	1,8L	2026-07-15 00:35:17.255+00	2026-07-15 13:53:17.483743+00	a4a0cdd6-67ba-4e7f-9629-df042476f424	L
48bfec54-ed4e-474f-8cda-9e039d835385	3L	2026-07-15 00:35:17.256+00	2026-07-15 13:53:17.485516+00	a4a0cdd6-67ba-4e7f-9629-df042476f424	L
00ff84e9-fcc1-4e4c-8924-39915f4ed8ea	1L	2026-07-15 08:54:09.766+00	2026-07-15 13:53:17.488862+00	9bb9343e-61f6-46fb-955e-304bcca323af	L
2aa6e301-8495-4123-ae96-0f6bea93ca07	3L	2026-07-15 08:54:09.767+00	2026-07-15 13:53:17.490736+00	9bb9343e-61f6-46fb-955e-304bcca323af	L
0128b618-d79d-41cc-8926-70ba569f7d47	5L	2026-07-15 08:54:09.768+00	2026-07-15 13:53:17.492429+00	9bb9343e-61f6-46fb-955e-304bcca323af	L
893f659b-b148-4258-8486-8a3d15376965	3L	2026-07-15 08:54:09.771+00	2026-07-15 13:53:17.496119+00	1f0e1476-2a7d-4261-a3d0-ce646eed4ef8	L
c20e9d9d-4d6e-4dd8-b674-bcc81f80a3a2	5L	2026-07-15 08:54:09.772+00	2026-07-15 13:53:17.498155+00	1f0e1476-2a7d-4261-a3d0-ce646eed4ef8	L
389c13fc-f649-4453-8631-c722cda8f866	400 GR	2026-07-15 08:54:09.786+00	2026-07-15 13:53:17.516483+00	a0d0fb69-af81-4a62-aa51-dc752bf54f7f	g
d0d478f2-afb5-4e85-b69e-7ce7f16cde6f	750+150GR	2026-07-15 08:54:09.787+00	2026-07-15 13:53:17.518432+00	a0d0fb69-af81-4a62-aa51-dc752bf54f7f	g
98a7f7c8-aef7-4e50-8170-093c96cf9a29	400gr	2026-07-15 08:54:09.788+00	2026-07-15 13:53:17.520075+00	a4a0cdd6-67ba-4e7f-9629-df042476f424	g
8404d949-868d-4798-9ff5-8e0918f27df8	750gr	2026-07-15 08:54:09.789+00	2026-07-15 13:53:17.521734+00	a4a0cdd6-67ba-4e7f-9629-df042476f424	g
3c938204-cafb-494a-b37c-e030182c5bd6	400 gr	2026-07-15 08:54:09.791+00	2026-07-15 13:53:17.523415+00	d1810cae-8de1-4fb3-a9fb-8233a27868bc	g
96195d56-9fe6-42d4-9fcf-a17d4befdb90	900 gr	2026-07-15 08:54:09.792+00	2026-07-15 13:53:17.525239+00	d1810cae-8de1-4fb3-a9fb-8233a27868bc	g
9ab520a1-a314-4fd1-95f4-b940d5dafa52	2	2026-07-15 08:54:09.849+00	2026-07-15 15:28:22.573922+00	14ae0e5e-c0cb-435b-8678-ccbef2e5e399	pcs
55e577db-4b0d-4260-8b6d-f54afd26f335	CLASSIC	2026-07-15 08:54:09.851+00	2026-07-15 15:28:22.576046+00	6e3701e3-90ac-47a4-af75-29144f11f284	pcs
fc26b9b1-af8b-4afb-89a6-2bb69d1328e8	MAXI	2026-07-15 08:54:09.852+00	2026-07-15 15:28:22.577876+00	6e3701e3-90ac-47a4-af75-29144f11f284	pcs
eb045c76-fb78-4c67-ad30-ce199791819e	GIGA	2026-07-15 08:54:09.853+00	2026-07-15 15:28:22.579832+00	6e3701e3-90ac-47a4-af75-29144f11f284	pcs
0cb2348e-2fde-41d0-8d02-9c5b725e7420	JUMBO	2026-07-15 08:54:09.855+00	2026-07-15 15:28:22.581712+00	6e3701e3-90ac-47a4-af75-29144f11f284	pcs
f6d24158-34b4-4992-ba6f-dc5265969705	SUPER ROLL	2026-07-15 08:54:09.856+00	2026-07-15 15:28:22.583607+00	2e4c1bc3-3b43-4412-bf1b-f1d9b7635b99	pcs
742dbcb6-ab4b-4f99-a3c7-ebdd2dedf49f	CITRON 2	2026-07-15 08:54:09.857+00	2026-07-15 15:28:22.585496+00	2e4c1bc3-3b43-4412-bf1b-f1d9b7635b99	pcs
55e9bffb-f860-4835-9a5c-65a2f682ae77	SUPER ROLL	2026-07-15 08:54:09.859+00	2026-07-15 15:28:22.587411+00	9f5a131e-dbf3-4fa7-a9e6-99e230574f59	pcs
7df85a0f-b7d2-4338-8627-fad52a7f0926	2=6 CITRON	2026-07-15 08:54:09.86+00	2026-07-15 15:28:22.589315+00	9f5a131e-dbf3-4fa7-a9e6-99e230574f59	pcs
a86ae734-d0e7-4c2c-8ab1-b86234525720	MAXI	2026-07-15 08:54:09.862+00	2026-07-15 15:28:22.591189+00	748c0ab3-84f2-4ef1-9e5e-f9925f0aae1f	pcs
25b734ba-75e7-4e90-add3-630335e08895	SUPER ROLL	2026-07-15 08:54:09.863+00	2026-07-15 15:28:22.593071+00	748c0ab3-84f2-4ef1-9e5e-f9925f0aae1f	pcs
5f09c28d-df77-448a-82a8-45a805d1db9b	3	2026-07-15 08:54:09.865+00	2026-07-15 15:28:22.595327+00	748c0ab3-84f2-4ef1-9e5e-f9925f0aae1f	pcs
379d9d19-7729-4522-9e31-b0662a84f22d	1	2026-07-15 08:54:09.866+00	2026-07-15 15:28:22.597852+00	8b27d94f-b64c-4338-893a-92e85e00eeef	pcs
50afb764-c3f6-433a-a228-852949c349a4	3	2026-07-15 08:54:09.868+00	2026-07-15 15:28:22.599869+00	6e3701e3-90ac-47a4-af75-29144f11f284	pcs
0e3453ca-6824-4cd1-bf0d-f7b13eff6d98	900 ml	2026-07-15 08:54:09.762+00	2026-07-15 22:40:53.760879+00	a4a0cdd6-67ba-4e7f-9629-df042476f424	mL
a1e7a406-04d9-4d69-bf8c-f432ac13073b	500ml	2026-07-15 08:54:09.765+00	2026-07-15 22:40:53.768358+00	9bb9343e-61f6-46fb-955e-304bcca323af	mL
5fe79f4a-7345-4e4d-8270-da7963c84188	500ml	2026-07-15 08:54:09.77+00	2026-07-15 22:40:53.774166+00	1f0e1476-2a7d-4261-a3d0-ce646eed4ef8	mL
cf5c1817-2d8d-44f6-84da-0c0ef4a22e2e	300ml	2026-07-15 08:54:09.775+00	2026-07-15 22:40:53.7791+00	a0d0fb69-af81-4a62-aa51-dc752bf54f7f	mL
f8062b74-537a-4684-86cb-bb3506b37556	750ml	2026-07-15 08:54:09.776+00	2026-07-15 22:40:53.781233+00	a0d0fb69-af81-4a62-aa51-dc752bf54f7f	mL
2e4f13d0-1560-447b-a987-074e385fbca9	1250ml	2026-07-15 08:54:09.777+00	2026-07-15 22:40:53.783677+00	a0d0fb69-af81-4a62-aa51-dc752bf54f7f	mL
3a7e017b-5d3f-4bb1-b776-a8c5ee61a5e4	300ml	2026-07-15 08:54:09.778+00	2026-07-15 22:40:53.78558+00	208aafc0-233f-4d5a-9e43-6c90b99222f4	mL
152b4eec-0e0a-4ad5-bd89-1410d49c6ef2	750ml	2026-07-15 08:54:09.779+00	2026-07-15 22:40:53.787339+00	208aafc0-233f-4d5a-9e43-6c90b99222f4	mL
f98b7385-b954-48b5-8fde-c2d0b3d7ea95	1250ml	2026-07-15 08:54:09.78+00	2026-07-15 22:40:53.788989+00	208aafc0-233f-4d5a-9e43-6c90b99222f4	mL
1e078be4-e5b6-4bd6-bea6-afe83f5380f2	300ml	2026-07-15 08:54:09.782+00	2026-07-15 22:40:53.790635+00	d1810cae-8de1-4fb3-a9fb-8233a27868bc	mL
8c3f679a-b178-45d3-8be8-0872339f1e04	750ml	2026-07-15 08:54:09.783+00	2026-07-15 22:40:53.792448+00	d1810cae-8de1-4fb3-a9fb-8233a27868bc	mL
639847e8-3687-43f8-90a2-8d7a0a26c84d	1250ml	2026-07-15 08:54:09.784+00	2026-07-15 22:40:53.794102+00	d1810cae-8de1-4fb3-a9fb-8233a27868bc	mL
60756f17-dcd5-448f-bc54-d2253e1fada0	225gr	2026-07-20 11:13:39.086713+00	2026-07-20 11:13:39.08672+00	d33d7245-0dfa-4929-a1f3-127f296fc784	
1fb5b182-5afc-4f33-9a6b-bcafe9167678	1L	2026-07-20 11:13:39.095277+00	2026-07-20 11:13:39.095281+00	a4a0cdd6-67ba-4e7f-9629-df042476f424	
40924032-bd5b-4d18-86ae-d3bffa800043	4	2026-07-20 11:13:39.100361+00	2026-07-20 11:13:39.100364+00	5ba14967-f948-4bb1-855f-6a2178c66b40	
9dc10ccb-2c49-4391-aecf-9242cb194454	12	2026-07-20 11:13:39.101051+00	2026-07-20 11:13:39.101053+00	5ba14967-f948-4bb1-855f-6a2178c66b40	
8e8b7827-5cdc-4fae-b905-8e765c6717e1	1,5Kg	2026-07-20 12:05:26.516392+00	2026-07-20 12:05:26.5164+00	1f0e1476-2a7d-4261-a3d0-ce646eed4ef8	
a0c30fcc-7050-4d77-8b99-a98cc48e1d0a	4	2026-07-20 12:05:26.54097+00	2026-07-20 12:05:26.540972+00	820fc43e-8aed-450e-8246-0c23aa8c853c	
4f759b92-2237-4388-b086-32324f0e6e79	12	2026-07-20 12:05:26.541909+00	2026-07-20 12:05:26.541912+00	820fc43e-8aed-450e-8246-0c23aa8c853c	
52be3742-a630-4a93-b2dc-1d218ea67cde	4	2026-07-20 12:05:26.552269+00	2026-07-20 12:05:26.552271+00	870c5dd7-99c3-4a2d-afda-9d600cb5a3f7	
4130f3ae-074d-4f8d-ae61-ab4c1caef266	6	2026-07-20 12:05:26.553177+00	2026-07-20 12:05:26.553179+00	870c5dd7-99c3-4a2d-afda-9d600cb5a3f7	
2631b522-d7a5-46a0-9bc1-4709fb798e2c	12	2026-07-20 12:05:26.554137+00	2026-07-20 12:05:26.55414+00	870c5dd7-99c3-4a2d-afda-9d600cb5a3f7	
09e8e973-3464-4650-a1fc-f6afebd6b5e8	6 compact	2026-07-20 12:05:26.554892+00	2026-07-20 12:05:26.554895+00	870c5dd7-99c3-4a2d-afda-9d600cb5a3f7	
273c338c-1e94-43ad-8864-82809011763e	4	2026-07-20 12:05:26.573057+00	2026-07-20 12:05:26.573059+00	fcc66332-b23c-4a02-a32e-b271caf8807e	
de63d092-5824-4a19-ae93-54e9a5f99856	6	2026-07-20 12:05:26.573972+00	2026-07-20 12:05:26.573974+00	fcc66332-b23c-4a02-a32e-b271caf8807e	
628e97e3-faf0-4996-b592-ec89c4516294	12	2026-07-20 12:05:26.574865+00	2026-07-20 12:05:26.574867+00	fcc66332-b23c-4a02-a32e-b271caf8807e	
43bce633-299f-4118-abc1-76bffab86c8d	6 compact	2026-07-20 12:05:26.58282+00	2026-07-20 12:05:26.582822+00	049a8695-aa17-46f7-a4f3-cda2b26fd55e	
55a7c175-da88-46d0-83d3-dbe9040cf4b4	9	2026-07-20 12:05:26.587713+00	2026-07-20 12:05:26.587715+00	cb50136f-5b8b-48ff-bc46-3e9c7287317a	
d3030ebe-ffa8-4133-96ad-a98039d630cf	9	2026-07-20 12:05:26.598588+00	2026-07-20 12:05:26.598591+00	a622e09a-2ae7-49de-83b1-6da6ae689ef7	
5e4b88f6-097d-42ff-9ba6-ee93949fd0c8	12	2026-07-20 12:05:26.599494+00	2026-07-20 12:05:26.599496+00	a622e09a-2ae7-49de-83b1-6da6ae689ef7	
e54c1f07-5748-4b12-92de-971a624147d1	24	2026-07-20 12:05:26.60039+00	2026-07-20 12:05:26.600392+00	a622e09a-2ae7-49de-83b1-6da6ae689ef7	
d809c338-b9c1-4d32-9092-9f7bdad8391a	32	2026-07-20 12:05:26.600971+00	2026-07-20 12:05:26.600974+00	a622e09a-2ae7-49de-83b1-6da6ae689ef7	
833de3b2-e02a-4d79-bc62-7c1d8938e78f	9	2026-07-20 12:05:26.611917+00	2026-07-20 12:05:26.611919+00	af9013ca-9b53-48bf-bc2a-80a6c4e06bd9	
1dfe858e-4823-4b15-891c-1bc2590c551b	12	2026-07-20 12:05:26.612489+00	2026-07-20 12:05:26.612492+00	af9013ca-9b53-48bf-bc2a-80a6c4e06bd9	
5fc60e83-6451-4a50-b008-a569dc8bc7a2	24	2026-07-20 12:05:26.613089+00	2026-07-20 12:05:26.613091+00	af9013ca-9b53-48bf-bc2a-80a6c4e06bd9	
a8410db5-26ff-4b4a-b8be-9d4614e6048a	32	2026-07-20 12:05:26.613789+00	2026-07-20 12:05:26.613791+00	af9013ca-9b53-48bf-bc2a-80a6c4e06bd9	
aff5ba2d-500c-48cc-acaa-3ef8d4adb78e	9	2026-07-20 12:05:26.61877+00	2026-07-20 12:05:26.618772+00	dbb86bf1-1d02-4053-a868-2f443410dd2e	
6e06334c-1758-46b5-8473-8997dc34e1fa	9	2026-07-20 12:05:26.62503+00	2026-07-20 12:05:26.625032+00	d6bdfc96-a481-4c51-96fe-e7ef11b02730	
f0c90d24-7836-4c2e-b6ee-43e1a29c01cf	9	2026-07-20 12:05:26.634246+00	2026-07-20 12:05:26.634248+00	c81779d3-e285-4091-bbfc-023bcf3b55d8	
5dc69912-b7e1-4c9e-a4c8-d29cd4a56659	6	2026-07-20 12:05:26.635152+00	2026-07-20 12:05:26.635154+00	c81779d3-e285-4091-bbfc-023bcf3b55d8	
79145c88-46df-4594-96c9-b554b20e38fc	32	2026-07-20 12:05:26.636028+00	2026-07-20 12:05:26.63603+00	c81779d3-e285-4091-bbfc-023bcf3b55d8	
9596dae3-76d2-41b9-82ad-3efa60ebcc86	12	2026-07-20 12:05:26.638019+00	2026-07-20 12:05:26.638021+00	a9e5054b-c202-40d9-848d-008381558e36	
33e7efb4-ea01-4d73-b8e6-f8ec90437c5d	2P 550	2026-07-20 12:05:26.644163+00	2026-07-20 12:05:26.644165+00	4420ee29-76f9-4a15-b307-fb6cc07c9e07	
93a47ba6-b76f-499a-8bea-f50abbc214f0	2P 550	2026-07-20 12:05:26.648997+00	2026-07-20 12:05:26.648999+00	25131ba6-49bc-41f3-a206-c7fcfa27bb40	
2ca57de1-6814-4a8a-b797-9d24e8561290	2P 300	2026-07-20 12:05:26.649742+00	2026-07-20 12:05:26.649743+00	25131ba6-49bc-41f3-a206-c7fcfa27bb40	
81087d3f-3395-4ec1-95bb-278803532f26	2P 600	2026-07-20 12:05:26.652382+00	2026-07-20 12:05:26.652384+00	c4d03593-014c-438d-b1f4-b879da8923d7	
4b669b6f-3870-483f-ab7e-62652fe210c7	2P 550	2026-07-20 12:05:26.655004+00	2026-07-20 12:05:26.655006+00	2d670ae7-37ce-43b3-aedd-d3f65474b528	
ac85dd79-48c8-4142-8c59-a5183935e0b7	2P 550	2026-07-20 12:05:26.659854+00	2026-07-20 12:05:26.659856+00	5ab3c24d-aa2c-4d8c-a64d-43be0269f15b	
35097418-b4f2-477d-8e1f-735ad0ae6dba	3P 550	2026-07-20 12:05:26.663454+00	2026-07-20 12:05:26.663456+00	ec9faa1d-74e0-4579-b52f-7852c75f6726	
1e18a5d2-66e9-4837-a3f0-ca658b50d6c0	4P 500	2026-07-20 12:05:26.664082+00	2026-07-20 12:05:26.664084+00	ec9faa1d-74e0-4579-b52f-7852c75f6726	
c74c8783-b3b5-496c-89f8-e81c82314f86	3P 550	2026-07-20 12:05:26.667312+00	2026-07-20 12:05:26.667314+00	4b06ce6a-4ac6-4993-ad19-7820d65e1805	
4ec5cefd-15f9-4f8d-951d-5f0d9cbb7acf	3P	2026-07-20 12:05:26.67527+00	2026-07-20 12:05:26.675272+00	5cd4eb25-fe76-4ad8-a084-af83a706181c	
cd1f3d4c-f8d4-479f-8932-e60b62c05769	4P	2026-07-20 12:05:26.676178+00	2026-07-20 12:05:26.67618+00	5cd4eb25-fe76-4ad8-a084-af83a706181c	
4db6b8c8-b8b4-4aa6-8101-3f796364a932	3P CARTON	2026-07-20 12:05:26.677102+00	2026-07-20 12:05:26.677104+00	5cd4eb25-fe76-4ad8-a084-af83a706181c	
c22b86c6-9d1f-4059-922f-f10681a9d353	2	2026-07-20 12:05:26.684499+00	2026-07-20 12:05:26.684501+00	33d8f56e-7daa-4f84-8d18-800eda914a91	
c04d18c9-880b-4c5f-9693-36eef6e3b28c	CLASSIC	2026-07-20 12:05:26.691591+00	2026-07-20 12:05:26.691594+00	b36a1af8-65db-4cdc-a230-f9596d91acd1	
3c78184f-a7e2-44cb-a1d2-cc33da97d7b5	MAXI	2026-07-20 12:05:26.692508+00	2026-07-20 12:05:26.69251+00	b36a1af8-65db-4cdc-a230-f9596d91acd1	
beea4288-a266-4aed-8893-6e498f11b5f8	GIGA	2026-07-20 12:05:26.693408+00	2026-07-20 12:05:26.69341+00	b36a1af8-65db-4cdc-a230-f9596d91acd1	
3cc540d5-a618-407f-8c97-dbea799f3cf2	JUMBO	2026-07-20 12:05:26.694288+00	2026-07-20 12:05:26.69429+00	b36a1af8-65db-4cdc-a230-f9596d91acd1	
ad8a95be-fc79-41cd-b662-2cf96f159f1e	SUPER ROLL	2026-07-20 12:05:26.698328+00	2026-07-20 12:05:26.69833+00	50da7079-1178-4ef5-a830-ddda5b1b6140	
ddba6865-ec90-49f4-9ac8-801ffe06bfda	CITRON 2	2026-07-20 12:05:26.699205+00	2026-07-20 12:05:26.699207+00	50da7079-1178-4ef5-a830-ddda5b1b6140	
29975fde-324a-46ba-b38e-f3f195e657b2	SUPER ROLL	2026-07-20 12:05:26.705251+00	2026-07-20 12:05:26.705253+00	d1875ae9-83d6-432f-b636-460b07092451	
c0038381-0785-4f8c-8c78-5b0872119a3f	2=6 CITRON	2026-07-20 12:05:26.706031+00	2026-07-20 12:05:26.706033+00	d1875ae9-83d6-432f-b636-460b07092451	
60805220-be73-41d3-af4e-a93e4807b0dc	MAXI	2026-07-20 12:05:26.71173+00	2026-07-20 12:05:26.711732+00	21b24d93-ae85-4077-856e-45ac55cf1685	
c55540d1-d81e-4852-94c3-18aa592ca1c0	SUPER ROLL	2026-07-20 12:05:26.712545+00	2026-07-20 12:05:26.712547+00	21b24d93-ae85-4077-856e-45ac55cf1685	
8207b287-7bef-4981-b1d7-6790dc67347f	3	2026-07-20 12:05:26.7133+00	2026-07-20 12:05:26.713303+00	21b24d93-ae85-4077-856e-45ac55cf1685	
4a0e3a77-88bf-4552-8c06-ceea10eacaf5	1	2026-07-20 12:05:26.715998+00	2026-07-20 12:05:26.716+00	b481e6e4-cdc4-43ec-92b2-26b76fd47dd2	
9a0f5a45-7a64-41eb-932a-c857efdbb11f	3	2026-07-20 12:05:26.718988+00	2026-07-20 12:05:26.71899+00	4b67d4d3-7cee-497f-ae0f-03e7bd9c052c	
\.


--
-- Data for Name: sous_categories; Type: TABLE DATA; Schema: public; Owner: mac
--

COPY public.sous_categories (id, nom, type, created_at, updated_at, categorie_id) FROM stdin;
3ce65f7a-30e1-4205-9d53-35ac6f0d5408	High Suds	direct	2026-07-15 00:35:17.237+00	2026-07-15 00:35:17.237+00	2afb288c-6006-4e62-98a7-a39e593f2f3c
3f9c6d89-2d93-4b06-9882-209ceb5b61d0	Toilet Paper	segment	2026-07-15 08:54:09.793+00	2026-07-15 08:54:09.793+00	f7e3b616-5ed1-4b98-8e0e-b0abcbce5d13
91f81655-7cab-49dd-9822-44f083b29fae	Liquide Vaisselle	direct	2026-07-15 08:54:09.773+00	2026-07-15 08:54:09.773+00	2afb288c-6006-4e62-98a7-a39e593f2f3c
e9ec58ec-bddb-4cae-b323-e8ef34f9ba84	Paper Towel	segment	2026-07-15 08:54:09.848+00	2026-07-15 08:54:09.848+00	f7e3b616-5ed1-4b98-8e0e-b0abcbce5d13
eaa0e2b1-5565-4ab0-b446-560203aa632e	Facial Tissues	segment	2026-07-15 08:54:09.828+00	2026-07-15 08:54:09.828+00	f7e3b616-5ed1-4b98-8e0e-b0abcbce5d13
f157ed6a-b8cf-4d92-b9d4-77ebb887cc36	Poudre Matic	direct	2026-07-15 08:54:09.784+00	2026-07-15 08:54:09.784+00	2afb288c-6006-4e62-98a7-a39e593f2f3c
f591ed67-849f-412e-ae6c-ec38219ece71	Low Suds Liquide	groupsInline	2026-07-15 00:35:17.25+00	2026-07-15 00:35:17.25+00	2afb288c-6006-4e62-98a7-a39e593f2f3c
22e44251-8779-4e29-80f4-47bdbab63f2a	Toilet Paper	segment	2026-07-20 11:13:39.079475+00	2026-07-20 11:13:39.079478+00	ad848dda-9287-4797-9637-b0f07a755df8
\.


--
-- Data for Name: token_blacklist_blacklistedtoken; Type: TABLE DATA; Schema: public; Owner: mac
--

COPY public.token_blacklist_blacklistedtoken (id, blacklisted_at, token_id) FROM stdin;
\.


--
-- Data for Name: token_blacklist_outstandingtoken; Type: TABLE DATA; Schema: public; Owner: mac
--

COPY public.token_blacklist_outstandingtoken (id, token, created_at, expires_at, user_id, jti) FROM stdin;
\.


--
-- Data for Name: villes; Type: TABLE DATA; Schema: public; Owner: mac
--

COPY public.villes (id, nom, created_at, updated_at) FROM stdin;
3cadce0d-7203-466a-b45a-6b353f7bb2b7	Casablanca	2026-07-15 00:35:17.234+00	2026-07-15 00:35:17.234+00
fbd96e1d-89a6-4be2-bc51-94c58bb99d83	Marrakech	2026-07-15 12:32:01.658648+00	2026-07-15 12:32:01.658669+00
5f44bdd6-2432-412c-8dea-5c6e641ae36b	Rabat	2026-07-15 14:19:44.778643+00	2026-07-15 14:19:44.778664+00
\.


--
-- Data for Name: visites; Type: TABLE DATA; Schema: public; Owner: mac
--

COPY public.visites (id, date_visite, statut, created_at, updated_at, magasin_id, categorie_id, sous_categorie_id, segment_id, etape, created_by_id) FROM stdin;
24c3bf19-af33-4db7-be78-a0e66928f181	2026-07-10 23:00:00+00	brouillon	2026-07-15 01:17:48.973+00	2026-07-15 01:17:48.973+00	4aacb595-a683-47ba-823a-acc4f109c09d	\N	\N	\N	visite	\N
5aaa292a-1213-499d-a941-e80d0e48eb04	2026-07-10 23:00:00+00	brouillon	2026-07-15 01:25:00.341+00	2026-07-15 01:25:00.341+00	2fc725c3-a762-4ca5-a36c-9fd8020cdc98	\N	\N	\N	visite	\N
76bf5e96-4cf4-42ca-b124-1ee5f75d4c57	2026-07-10 23:00:00+00	brouillon	2026-07-15 09:23:27.074+00	2026-07-15 09:23:27.074+00	51b66ad3-e2ea-4516-873b-0d2257e7b3db	\N	\N	\N	visite	\N
cda3c894-7374-45d3-b51a-4c317f1a459a	2026-07-10 23:00:00+00	brouillon	2026-07-15 13:05:58.965902+00	2026-07-15 13:05:58.96591+00	68fb204e-7cf2-48c7-a28f-5643309a62af	\N	\N	\N	visite	\N
8f94b504-59d2-4958-85d3-559f305f32a5	2026-07-10 23:00:00+00	brouillon	2026-07-15 09:25:14.777+00	2026-07-15 09:25:14.777+00	51b66ad3-e2ea-4516-873b-0d2257e7b3db	\N	\N	\N	visite	\N
cabef7a1-5bfa-46a4-a7a7-d90ed8e7b7ff	2026-07-09 23:00:00+00	brouillon	2026-07-15 09:28:04.757+00	2026-07-15 09:28:04.757+00	51b66ad3-e2ea-4516-873b-0d2257e7b3db	\N	\N	\N	visite	\N
d9b1a1d7-8325-42d5-9808-255e28cdda38	2026-07-09 23:00:00+00	brouillon	2026-07-15 11:23:11.438578+00	2026-07-15 11:23:11.438583+00	51b66ad3-e2ea-4516-873b-0d2257e7b3db	\N	\N	\N	visite	\N
e2a96a3c-23a4-4fc6-9181-52997d8db3bc	2026-07-09 23:00:00+00	brouillon	2026-07-15 12:19:23.986246+00	2026-07-15 12:19:23.986254+00	4aacb595-a683-47ba-823a-acc4f109c09d	\N	\N	\N	visite	\N
b870bf64-ea41-406a-a6c7-649ffb3d835c	2026-07-09 23:00:00+00	brouillon	2026-07-15 12:58:57.760497+00	2026-07-15 12:58:57.760502+00	4aacb595-a683-47ba-823a-acc4f109c09d	\N	\N	\N	visite	\N
f053b47c-d287-4e7b-88ca-036e4ae4c663	2026-07-11 23:00:00+00	brouillon	2026-07-15 13:39:09.303409+00	2026-07-15 13:39:09.303415+00	a2aa25f9-3a5e-4a6c-b2a1-40ec00486682	\N	\N	\N	visite	\N
d7e08ec8-6b0c-47bf-9c22-0781068f4ade	2026-07-09 23:00:00+00	brouillon	2026-07-15 13:58:01.230256+00	2026-07-15 13:58:01.230263+00	ad465e9f-266a-4598-ad9e-40d67a60a267	\N	\N	\N	visite	\N
23f70d24-b3e0-4886-9217-45351341a9ef	2026-07-09 23:00:00+00	brouillon	2026-07-15 13:58:34.760165+00	2026-07-15 13:58:34.760173+00	98e166be-9465-4b2c-9b93-a2caaeb10005	\N	\N	\N	visite	\N
e67cc934-fd11-4e03-af3a-d23480ba164d	2026-07-10 23:00:00+00	brouillon	2026-07-15 14:16:10.300309+00	2026-07-15 14:16:10.300317+00	39edc19f-eb85-4de2-bde9-f88fb0119dc0	\N	\N	\N	visite	\N
3c695316-73e1-4a4e-88e4-59f3c4623f14	2026-07-10 23:00:00+00	brouillon	2026-07-15 14:41:00.975588+00	2026-07-15 14:41:00.9756+00	cc6a54c0-388d-41d5-b8fd-6993212c835c	\N	\N	\N	visite	\N
647b80a2-76e2-4dac-aeb7-5a928f72494b	2026-07-10 23:00:00+00	brouillon	2026-07-15 14:47:07.575572+00	2026-07-15 14:47:07.575579+00	c970c3ff-d80d-43fe-889c-d6f18a272844	\N	\N	\N	visite	\N
da4ff198-0362-4a71-b39c-9aa22a84a168	2026-07-10 23:00:00+00	brouillon	2026-07-15 15:10:08.124227+00	2026-07-15 15:10:08.124233+00	201c86ed-e79a-42d9-b74e-7293e900c186	\N	\N	\N	visite	\N
54b4458e-fb82-46f2-9d8e-07d1e755d3d4	2026-07-03 23:00:00+00	brouillon	2026-07-15 15:29:28.472008+00	2026-07-15 15:29:28.472038+00	2daf072b-20f1-4b62-b5f9-3d9dff8f45fe	\N	\N	\N	visite	\N
34bf2638-77e6-4797-a215-22bf904686bc	2026-07-03 23:00:00+00	brouillon	2026-07-15 15:51:03.363606+00	2026-07-15 15:51:03.363614+00	02c5fc28-3586-4c22-839f-797181e6667f	\N	\N	\N	visite	\N
ccd4480f-5603-4cc7-9b71-ba97d4e065d6	2026-07-09 23:00:00+00	brouillon	2026-07-15 15:52:35.496391+00	2026-07-15 15:52:35.496401+00	3640aaed-1433-4cb4-80ee-61d1fcf4f428	\N	\N	\N	visite	\N
efbc4604-4094-4120-b55d-741de9da7c53	2026-07-10 23:00:00+00	brouillon	2026-07-15 15:53:20.935835+00	2026-07-15 15:53:20.935843+00	062b13a7-64e6-40a4-bfd6-52f654823c6f	\N	\N	\N	visite	\N
01975447-041d-4838-a6bc-68fb938773a5	2026-07-15 22:43:17.340967+00	brouillon	2026-07-15 22:43:17.341323+00	2026-07-15 22:43:17.34133+00	917bff32-0fa6-45f5-b9ca-055d24ea2fdc	\N	\N	\N	visite	\N
0edb3aaf-8917-445b-9172-2b4eb5936c7c	2026-07-15 23:08:25.630864+00	brouillon	2026-07-15 23:08:25.631302+00	2026-07-15 23:08:25.631311+00	cf460f7d-7984-403f-a8bd-b729b041950b	\N	\N	\N	visite	\N
4fde3eae-0721-4e78-ad56-a9eeb146940c	2026-07-15 23:13:59.281052+00	brouillon	2026-07-15 23:13:59.281282+00	2026-07-15 23:13:59.281285+00	8b7dc199-d857-4930-8229-2c763ab60442	\N	\N	\N	visite	\N
b5490887-6cf8-4210-96bb-ee70850b41fc	2026-07-15 23:23:59.701959+00	brouillon	2026-07-15 23:23:59.702193+00	2026-07-15 23:23:59.702197+00	a90dbdd1-bf82-45b5-bb81-3370016868dc	\N	\N	\N	visite	\N
8582c4e8-2c07-424c-b5a9-364043958f8e	2026-07-16 00:13:33.494804+00	brouillon	2026-07-16 00:13:33.495065+00	2026-07-16 00:13:33.49507+00	e82a79cd-cafe-4033-9cf3-c5d96160ce64	\N	\N	\N	visite	\N
43ca5122-c0d6-44f1-a0be-089302058508	2026-07-16 00:18:03.059015+00	brouillon	2026-07-16 00:18:03.059669+00	2026-07-16 00:18:03.059675+00	c63240fa-8285-4edd-b736-a0be473a2a69	\N	\N	\N	visite	\N
1d25a7b3-4dd7-42f9-baa1-69c352c21139	2026-07-16 00:31:24.346968+00	brouillon	2026-07-16 00:31:24.348546+00	2026-07-16 00:31:24.34855+00	ca0cfaec-96bb-4c28-8e33-f6d759ae20c9	\N	\N	\N	visite	\N
b073cd9b-9380-464c-a359-7f565ac06be8	2026-07-16 12:12:57.596407+00	brouillon	2026-07-16 12:12:57.596668+00	2026-07-16 12:12:57.596672+00	92270754-5ba9-4d8d-ab3e-654c7fe03457	\N	\N	\N	visite	\N
e23768c8-fdc1-4ac9-9e1b-a1aeeb8d4826	2026-07-16 12:15:22.759207+00	brouillon	2026-07-16 12:15:22.75947+00	2026-07-16 12:15:22.759476+00	bcd8e8f6-5e70-4602-9b55-3f0cc604e12f	\N	\N	\N	visite	\N
807222a1-3394-4b1f-b5c6-5f177e2357ca	2026-07-16 12:17:15.873595+00	soumise	2026-07-16 12:17:15.87377+00	2026-07-16 12:18:58.904423+00	10c384e4-a6a7-4e9c-a810-2cc96aa35286	\N	\N	\N	visite	\N
6e59a0e6-f875-4850-969d-b713f9554124	2026-07-16 12:21:21.687644+00	brouillon	2026-07-16 12:21:21.68796+00	2026-07-16 12:21:21.687966+00	609d5c20-9585-4d3e-9dbf-56d2089ff0fd	\N	\N	\N	visite	\N
56b430c8-fd74-4f27-8422-2bd469f8ab0f	2026-07-16 12:43:52.874107+00	brouillon	2026-07-16 12:43:52.874482+00	2026-07-16 12:43:52.874488+00	e8c45c9f-fb5a-414e-a335-c9702b65eb0d	\N	\N	\N	visite	\N
5ed75882-0058-4def-a06f-9739da618a68	2026-07-19 22:56:13.321269+00	brouillon	2026-07-19 22:56:13.321628+00	2026-07-19 22:56:13.321633+00	1e6dc489-8bc4-430c-8581-7d0ba11ea176	\N	\N	\N	visite	\N
7cb054aa-e0b1-4357-a6a5-431c3bb0754e	2026-07-19 23:04:27.946627+00	soumise	2026-07-19 23:04:27.9469+00	2026-07-19 23:06:01.891763+00	05ef6078-eadf-4ad3-823d-a8eeee560187	\N	\N	\N	visite	\N
9eeb8764-5e25-4450-8891-b5d99e463da0	2026-07-19 23:08:45.716654+00	brouillon	2026-07-19 23:08:45.716846+00	2026-07-19 23:08:45.71685+00	c8ef8d0b-6a46-4b75-b8aa-b64e6fcf92b3	\N	\N	\N	visite	\N
482e9506-3cdb-4e8d-a311-053115619e73	2026-07-20 00:09:24.707089+00	brouillon	2026-07-20 00:09:24.707308+00	2026-07-20 00:09:24.707312+00	8574fefb-ca7c-4245-85be-7969b6027f7d	\N	\N	\N	visite	\N
116c2694-f34d-47d0-b5d2-06e98d365c2c	2026-07-20 00:59:48.966936+00	brouillon	2026-07-20 00:59:48.967054+00	2026-07-20 00:59:48.967056+00	b285eb5d-c3f1-41bf-922b-ef84ae93439e	\N	\N	\N	visite	\N
cf0b2f6a-662a-4810-bfa5-ec9d3092d7f7	2026-07-20 01:00:06.084188+00	brouillon	2026-07-20 01:00:06.084436+00	2026-07-20 01:00:06.084441+00	4ce863ec-d839-4241-86c1-e59f3bef9a00	\N	\N	\N	visite	\N
94533507-a4d6-47d6-99f9-a15622ed9741	2026-07-20 01:00:59.23672+00	soumise	2026-07-20 01:00:59.236988+00	2026-07-20 01:01:34.415925+00	0d115ec3-4d8c-46dd-8f16-ad85df4b8efe	\N	\N	\N	visite	\N
c7fa6d37-91ec-4939-bad1-85f454c2ed9c	2026-07-20 01:02:52.415934+00	brouillon	2026-07-20 01:02:52.416495+00	2026-07-20 01:02:52.416502+00	064e3699-2b01-424a-800d-ce6706837b00	\N	\N	\N	visite	\N
\.


--
-- Name: auth_group_id_seq; Type: SEQUENCE SET; Schema: public; Owner: mac
--

SELECT pg_catalog.setval('public.auth_group_id_seq', 1, false);


--
-- Name: auth_group_permissions_id_seq; Type: SEQUENCE SET; Schema: public; Owner: mac
--

SELECT pg_catalog.setval('public.auth_group_permissions_id_seq', 1, false);


--
-- Name: auth_permission_id_seq; Type: SEQUENCE SET; Schema: public; Owner: mac
--

SELECT pg_catalog.setval('public.auth_permission_id_seq', 92, true);


--
-- Name: auth_user_groups_id_seq; Type: SEQUENCE SET; Schema: public; Owner: mac
--

SELECT pg_catalog.setval('public.auth_user_groups_id_seq', 1, false);


--
-- Name: auth_user_id_seq; Type: SEQUENCE SET; Schema: public; Owner: mac
--

SELECT pg_catalog.setval('public.auth_user_id_seq', 3, true);


--
-- Name: auth_user_user_permissions_id_seq; Type: SEQUENCE SET; Schema: public; Owner: mac
--

SELECT pg_catalog.setval('public.auth_user_user_permissions_id_seq', 1, false);


--
-- Name: django_admin_log_id_seq; Type: SEQUENCE SET; Schema: public; Owner: mac
--

SELECT pg_catalog.setval('public.django_admin_log_id_seq', 3, true);


--
-- Name: django_content_type_id_seq; Type: SEQUENCE SET; Schema: public; Owner: mac
--

SELECT pg_catalog.setval('public.django_content_type_id_seq', 23, true);


--
-- Name: django_migrations_id_seq; Type: SEQUENCE SET; Schema: public; Owner: postgres
--

SELECT pg_catalog.setval('public.django_migrations_id_seq', 6, true);


--
-- Name: token_blacklist_blacklistedtoken_id_seq; Type: SEQUENCE SET; Schema: public; Owner: mac
--

SELECT pg_catalog.setval('public.token_blacklist_blacklistedtoken_id_seq', 1, false);


--
-- Name: token_blacklist_outstandingtoken_id_seq; Type: SEQUENCE SET; Schema: public; Owner: mac
--

SELECT pg_catalog.setval('public.token_blacklist_outstandingtoken_id_seq', 1, false);


--
-- Name: adresses adresses_pkey; Type: CONSTRAINT; Schema: public; Owner: mac
--

ALTER TABLE ONLY public.adresses
    ADD CONSTRAINT adresses_pkey PRIMARY KEY (id);


--
-- Name: auth_group auth_group_name_key; Type: CONSTRAINT; Schema: public; Owner: mac
--

ALTER TABLE ONLY public.auth_group
    ADD CONSTRAINT auth_group_name_key UNIQUE (name);


--
-- Name: auth_group_permissions auth_group_permissions_group_id_permission_id_0cd325b0_uniq; Type: CONSTRAINT; Schema: public; Owner: mac
--

ALTER TABLE ONLY public.auth_group_permissions
    ADD CONSTRAINT auth_group_permissions_group_id_permission_id_0cd325b0_uniq UNIQUE (group_id, permission_id);


--
-- Name: auth_group_permissions auth_group_permissions_pkey; Type: CONSTRAINT; Schema: public; Owner: mac
--

ALTER TABLE ONLY public.auth_group_permissions
    ADD CONSTRAINT auth_group_permissions_pkey PRIMARY KEY (id);


--
-- Name: auth_group auth_group_pkey; Type: CONSTRAINT; Schema: public; Owner: mac
--

ALTER TABLE ONLY public.auth_group
    ADD CONSTRAINT auth_group_pkey PRIMARY KEY (id);


--
-- Name: auth_permission auth_permission_content_type_id_codename_01ab375a_uniq; Type: CONSTRAINT; Schema: public; Owner: mac
--

ALTER TABLE ONLY public.auth_permission
    ADD CONSTRAINT auth_permission_content_type_id_codename_01ab375a_uniq UNIQUE (content_type_id, codename);


--
-- Name: auth_permission auth_permission_pkey; Type: CONSTRAINT; Schema: public; Owner: mac
--

ALTER TABLE ONLY public.auth_permission
    ADD CONSTRAINT auth_permission_pkey PRIMARY KEY (id);


--
-- Name: auth_user_groups auth_user_groups_pkey; Type: CONSTRAINT; Schema: public; Owner: mac
--

ALTER TABLE ONLY public.auth_user_groups
    ADD CONSTRAINT auth_user_groups_pkey PRIMARY KEY (id);


--
-- Name: auth_user_groups auth_user_groups_user_id_group_id_94350c0c_uniq; Type: CONSTRAINT; Schema: public; Owner: mac
--

ALTER TABLE ONLY public.auth_user_groups
    ADD CONSTRAINT auth_user_groups_user_id_group_id_94350c0c_uniq UNIQUE (user_id, group_id);


--
-- Name: auth_user auth_user_pkey; Type: CONSTRAINT; Schema: public; Owner: mac
--

ALTER TABLE ONLY public.auth_user
    ADD CONSTRAINT auth_user_pkey PRIMARY KEY (id);


--
-- Name: auth_user_user_permissions auth_user_user_permissions_pkey; Type: CONSTRAINT; Schema: public; Owner: mac
--

ALTER TABLE ONLY public.auth_user_user_permissions
    ADD CONSTRAINT auth_user_user_permissions_pkey PRIMARY KEY (id);


--
-- Name: auth_user_user_permissions auth_user_user_permissions_user_id_permission_id_14a6b632_uniq; Type: CONSTRAINT; Schema: public; Owner: mac
--

ALTER TABLE ONLY public.auth_user_user_permissions
    ADD CONSTRAINT auth_user_user_permissions_user_id_permission_id_14a6b632_uniq UNIQUE (user_id, permission_id);


--
-- Name: auth_user auth_user_username_key; Type: CONSTRAINT; Schema: public; Owner: mac
--

ALTER TABLE ONLY public.auth_user
    ADD CONSTRAINT auth_user_username_key UNIQUE (username);


--
-- Name: canaux canaux_pkey; Type: CONSTRAINT; Schema: public; Owner: mac
--

ALTER TABLE ONLY public.canaux
    ADD CONSTRAINT canaux_pkey PRIMARY KEY (id);


--
-- Name: categories categories_pkey; Type: CONSTRAINT; Schema: public; Owner: mac
--

ALTER TABLE ONLY public.categories
    ADD CONSTRAINT categories_pkey PRIMARY KEY (id);


--
-- Name: concurents concurents_pkey; Type: CONSTRAINT; Schema: public; Owner: mac
--

ALTER TABLE ONLY public.concurents
    ADD CONSTRAINT concurents_pkey PRIMARY KEY (id);


--
-- Name: django_admin_log django_admin_log_pkey; Type: CONSTRAINT; Schema: public; Owner: mac
--

ALTER TABLE ONLY public.django_admin_log
    ADD CONSTRAINT django_admin_log_pkey PRIMARY KEY (id);


--
-- Name: django_content_type django_content_type_app_label_model_76bd3d3b_uniq; Type: CONSTRAINT; Schema: public; Owner: mac
--

ALTER TABLE ONLY public.django_content_type
    ADD CONSTRAINT django_content_type_app_label_model_76bd3d3b_uniq UNIQUE (app_label, model);


--
-- Name: django_content_type django_content_type_pkey; Type: CONSTRAINT; Schema: public; Owner: mac
--

ALTER TABLE ONLY public.django_content_type
    ADD CONSTRAINT django_content_type_pkey PRIMARY KEY (id);


--
-- Name: django_migrations django_migrations_pkey; Type: CONSTRAINT; Schema: public; Owner: postgres
--

ALTER TABLE ONLY public.django_migrations
    ADD CONSTRAINT django_migrations_pkey PRIMARY KEY (id);


--
-- Name: django_session django_session_pkey; Type: CONSTRAINT; Schema: public; Owner: mac
--

ALTER TABLE ONLY public.django_session
    ADD CONSTRAINT django_session_pkey PRIMARY KEY (session_key);


--
-- Name: magasins magasins_pkey; Type: CONSTRAINT; Schema: public; Owner: mac
--

ALTER TABLE ONLY public.magasins
    ADD CONSTRAINT magasins_pkey PRIMARY KEY (id);


--
-- Name: marques marques_pkey; Type: CONSTRAINT; Schema: public; Owner: mac
--

ALTER TABLE ONLY public.marques
    ADD CONSTRAINT marques_pkey PRIMARY KEY (id);


--
-- Name: releves releves_pkey; Type: CONSTRAINT; Schema: public; Owner: mac
--

ALTER TABLE ONLY public.releves
    ADD CONSTRAINT releves_pkey PRIMARY KEY (id);


--
-- Name: s_marques s_marques_marque_id_sous_categorie_id_d40fde94_uniq; Type: CONSTRAINT; Schema: public; Owner: mac
--

ALTER TABLE ONLY public.s_marques
    ADD CONSTRAINT s_marques_marque_id_sous_categorie_id_d40fde94_uniq UNIQUE (marque_id, sous_categorie_id);


--
-- Name: s_marques s_marques_pkey; Type: CONSTRAINT; Schema: public; Owner: mac
--

ALTER TABLE ONLY public.s_marques
    ADD CONSTRAINT s_marques_pkey PRIMARY KEY (id);


--
-- Name: secteurs secteurs_pkey; Type: CONSTRAINT; Schema: public; Owner: mac
--

ALTER TABLE ONLY public.secteurs
    ADD CONSTRAINT secteurs_pkey PRIMARY KEY (id);


--
-- Name: segment_marques segment_marques_pkey; Type: CONSTRAINT; Schema: public; Owner: mac
--

ALTER TABLE ONLY public.segment_marques
    ADD CONSTRAINT segment_marques_pkey PRIMARY KEY (id);


--
-- Name: segments segments_pkey; Type: CONSTRAINT; Schema: public; Owner: mac
--

ALTER TABLE ONLY public.segments
    ADD CONSTRAINT segments_pkey PRIMARY KEY (id);


--
-- Name: skus skus_pkey; Type: CONSTRAINT; Schema: public; Owner: mac
--

ALTER TABLE ONLY public.skus
    ADD CONSTRAINT skus_pkey PRIMARY KEY (id);


--
-- Name: sous_categories sous_categories_pkey; Type: CONSTRAINT; Schema: public; Owner: mac
--

ALTER TABLE ONLY public.sous_categories
    ADD CONSTRAINT sous_categories_pkey PRIMARY KEY (id);


--
-- Name: token_blacklist_blacklistedtoken token_blacklist_blacklistedtoken_pkey; Type: CONSTRAINT; Schema: public; Owner: mac
--

ALTER TABLE ONLY public.token_blacklist_blacklistedtoken
    ADD CONSTRAINT token_blacklist_blacklistedtoken_pkey PRIMARY KEY (id);


--
-- Name: token_blacklist_blacklistedtoken token_blacklist_blacklistedtoken_token_id_key; Type: CONSTRAINT; Schema: public; Owner: mac
--

ALTER TABLE ONLY public.token_blacklist_blacklistedtoken
    ADD CONSTRAINT token_blacklist_blacklistedtoken_token_id_key UNIQUE (token_id);


--
-- Name: token_blacklist_outstandingtoken token_blacklist_outstandingtoken_jti_hex_d9bdf6f7_uniq; Type: CONSTRAINT; Schema: public; Owner: mac
--

ALTER TABLE ONLY public.token_blacklist_outstandingtoken
    ADD CONSTRAINT token_blacklist_outstandingtoken_jti_hex_d9bdf6f7_uniq UNIQUE (jti);


--
-- Name: token_blacklist_outstandingtoken token_blacklist_outstandingtoken_pkey; Type: CONSTRAINT; Schema: public; Owner: mac
--

ALTER TABLE ONLY public.token_blacklist_outstandingtoken
    ADD CONSTRAINT token_blacklist_outstandingtoken_pkey PRIMARY KEY (id);


--
-- Name: concurents unique_concurent_group_membership; Type: CONSTRAINT; Schema: public; Owner: mac
--

ALTER TABLE ONLY public.concurents
    ADD CONSTRAINT unique_concurent_group_membership UNIQUE (nom, marque_id, sous_categorie_id);


--
-- Name: segment_marques unique_segment_marque; Type: CONSTRAINT; Schema: public; Owner: mac
--

ALTER TABLE ONLY public.segment_marques
    ADD CONSTRAINT unique_segment_marque UNIQUE (segment_id, marque_id);


--
-- Name: skus unique_sku_per_marque; Type: CONSTRAINT; Schema: public; Owner: mac
--

ALTER TABLE ONLY public.skus
    ADD CONSTRAINT unique_sku_per_marque UNIQUE (marque_id, nom);


--
-- Name: villes villes_pkey; Type: CONSTRAINT; Schema: public; Owner: mac
--

ALTER TABLE ONLY public.villes
    ADD CONSTRAINT villes_pkey PRIMARY KEY (id);


--
-- Name: visites visites_pkey; Type: CONSTRAINT; Schema: public; Owner: mac
--

ALTER TABLE ONLY public.visites
    ADD CONSTRAINT visites_pkey PRIMARY KEY (id);


--
-- Name: auth_group_name_a6ea08ec_like; Type: INDEX; Schema: public; Owner: mac
--

CREATE INDEX auth_group_name_a6ea08ec_like ON public.auth_group USING btree (name varchar_pattern_ops);


--
-- Name: auth_group_permissions_group_id_b120cbf9; Type: INDEX; Schema: public; Owner: mac
--

CREATE INDEX auth_group_permissions_group_id_b120cbf9 ON public.auth_group_permissions USING btree (group_id);


--
-- Name: auth_group_permissions_permission_id_84c5c92e; Type: INDEX; Schema: public; Owner: mac
--

CREATE INDEX auth_group_permissions_permission_id_84c5c92e ON public.auth_group_permissions USING btree (permission_id);


--
-- Name: auth_permission_content_type_id_2f476e4b; Type: INDEX; Schema: public; Owner: mac
--

CREATE INDEX auth_permission_content_type_id_2f476e4b ON public.auth_permission USING btree (content_type_id);


--
-- Name: auth_user_groups_group_id_97559544; Type: INDEX; Schema: public; Owner: mac
--

CREATE INDEX auth_user_groups_group_id_97559544 ON public.auth_user_groups USING btree (group_id);


--
-- Name: auth_user_groups_user_id_6a12ed8b; Type: INDEX; Schema: public; Owner: mac
--

CREATE INDEX auth_user_groups_user_id_6a12ed8b ON public.auth_user_groups USING btree (user_id);


--
-- Name: auth_user_user_permissions_permission_id_1fbb5f2c; Type: INDEX; Schema: public; Owner: mac
--

CREATE INDEX auth_user_user_permissions_permission_id_1fbb5f2c ON public.auth_user_user_permissions USING btree (permission_id);


--
-- Name: auth_user_user_permissions_user_id_a95ead1b; Type: INDEX; Schema: public; Owner: mac
--

CREATE INDEX auth_user_user_permissions_user_id_a95ead1b ON public.auth_user_user_permissions USING btree (user_id);


--
-- Name: auth_user_username_6821ab7c_like; Type: INDEX; Schema: public; Owner: mac
--

CREATE INDEX auth_user_username_6821ab7c_like ON public.auth_user USING btree (username varchar_pattern_ops);


--
-- Name: concurents_marque_id_1961067d; Type: INDEX; Schema: public; Owner: mac
--

CREATE INDEX concurents_marque_id_1961067d ON public.concurents USING btree (marque_id);


--
-- Name: concurents_sous_categorie_id_8d16c4d7; Type: INDEX; Schema: public; Owner: mac
--

CREATE INDEX concurents_sous_categorie_id_8d16c4d7 ON public.concurents USING btree (sous_categorie_id);


--
-- Name: django_admin_log_content_type_id_c4bce8eb; Type: INDEX; Schema: public; Owner: mac
--

CREATE INDEX django_admin_log_content_type_id_c4bce8eb ON public.django_admin_log USING btree (content_type_id);


--
-- Name: django_admin_log_user_id_c564eba6; Type: INDEX; Schema: public; Owner: mac
--

CREATE INDEX django_admin_log_user_id_c564eba6 ON public.django_admin_log USING btree (user_id);


--
-- Name: django_session_expire_date_a5c62663; Type: INDEX; Schema: public; Owner: mac
--

CREATE INDEX django_session_expire_date_a5c62663 ON public.django_session USING btree (expire_date);


--
-- Name: django_session_session_key_c0390e0f_like; Type: INDEX; Schema: public; Owner: mac
--

CREATE INDEX django_session_session_key_c0390e0f_like ON public.django_session USING btree (session_key varchar_pattern_ops);


--
-- Name: magasins_adresse_id_5d95650a; Type: INDEX; Schema: public; Owner: mac
--

CREATE INDEX magasins_adresse_id_5d95650a ON public.magasins USING btree (adresse_id);


--
-- Name: magasins_canal_id_70b272ae; Type: INDEX; Schema: public; Owner: mac
--

CREATE INDEX magasins_canal_id_70b272ae ON public.magasins USING btree (canal_id);


--
-- Name: magasins_secteur_id_fa85470c; Type: INDEX; Schema: public; Owner: mac
--

CREATE INDEX magasins_secteur_id_fa85470c ON public.magasins USING btree (secteur_id);


--
-- Name: magasins_ville_id_7effbb74; Type: INDEX; Schema: public; Owner: mac
--

CREATE INDEX magasins_ville_id_7effbb74 ON public.magasins USING btree (ville_id);


--
-- Name: marques_segment_id_f351944a; Type: INDEX; Schema: public; Owner: mac
--

CREATE INDEX marques_segment_id_f351944a ON public.marques USING btree (segment_id);


--
-- Name: releves_sku_id_cd96cf9e; Type: INDEX; Schema: public; Owner: mac
--

CREATE INDEX releves_sku_id_cd96cf9e ON public.releves USING btree (sku_id);


--
-- Name: releves_visite_id_4112dd1c; Type: INDEX; Schema: public; Owner: mac
--

CREATE INDEX releves_visite_id_4112dd1c ON public.releves USING btree (visite_id);


--
-- Name: s_marques_marque_id_588d2da6; Type: INDEX; Schema: public; Owner: mac
--

CREATE INDEX s_marques_marque_id_588d2da6 ON public.s_marques USING btree (marque_id);


--
-- Name: s_marques_sous_categorie_id_785a92d9; Type: INDEX; Schema: public; Owner: mac
--

CREATE INDEX s_marques_sous_categorie_id_785a92d9 ON public.s_marques USING btree (sous_categorie_id);


--
-- Name: segment_marques_marque_id_cae48399; Type: INDEX; Schema: public; Owner: mac
--

CREATE INDEX segment_marques_marque_id_cae48399 ON public.segment_marques USING btree (marque_id);


--
-- Name: segment_marques_segment_id_2add17ed; Type: INDEX; Schema: public; Owner: mac
--

CREATE INDEX segment_marques_segment_id_2add17ed ON public.segment_marques USING btree (segment_id);


--
-- Name: segments_sous_categorie_id_32a46212; Type: INDEX; Schema: public; Owner: mac
--

CREATE INDEX segments_sous_categorie_id_32a46212 ON public.segments USING btree (sous_categorie_id);


--
-- Name: skus_marque_id_5256d649; Type: INDEX; Schema: public; Owner: mac
--

CREATE INDEX skus_marque_id_5256d649 ON public.skus USING btree (marque_id);


--
-- Name: sous_categories_categorie_id_42b375b1; Type: INDEX; Schema: public; Owner: mac
--

CREATE INDEX sous_categories_categorie_id_42b375b1 ON public.sous_categories USING btree (categorie_id);


--
-- Name: token_blacklist_outstandingtoken_jti_hex_d9bdf6f7_like; Type: INDEX; Schema: public; Owner: mac
--

CREATE INDEX token_blacklist_outstandingtoken_jti_hex_d9bdf6f7_like ON public.token_blacklist_outstandingtoken USING btree (jti varchar_pattern_ops);


--
-- Name: token_blacklist_outstandingtoken_user_id_83bc629a; Type: INDEX; Schema: public; Owner: mac
--

CREATE INDEX token_blacklist_outstandingtoken_user_id_83bc629a ON public.token_blacklist_outstandingtoken USING btree (user_id);


--
-- Name: visites_categorie_id_8c26361d; Type: INDEX; Schema: public; Owner: mac
--

CREATE INDEX visites_categorie_id_8c26361d ON public.visites USING btree (categorie_id);


--
-- Name: visites_created_by_id_8a1fd96a; Type: INDEX; Schema: public; Owner: mac
--

CREATE INDEX visites_created_by_id_8a1fd96a ON public.visites USING btree (created_by_id);


--
-- Name: visites_magasin_id_455aada5; Type: INDEX; Schema: public; Owner: mac
--

CREATE INDEX visites_magasin_id_455aada5 ON public.visites USING btree (magasin_id);


--
-- Name: visites_segment_id_7498eddb; Type: INDEX; Schema: public; Owner: mac
--

CREATE INDEX visites_segment_id_7498eddb ON public.visites USING btree (segment_id);


--
-- Name: visites_sous_categorie_id_6f21966a; Type: INDEX; Schema: public; Owner: mac
--

CREATE INDEX visites_sous_categorie_id_6f21966a ON public.visites USING btree (sous_categorie_id);


--
-- Name: auth_group_permissions auth_group_permissio_permission_id_84c5c92e_fk_auth_perm; Type: FK CONSTRAINT; Schema: public; Owner: mac
--

ALTER TABLE ONLY public.auth_group_permissions
    ADD CONSTRAINT auth_group_permissio_permission_id_84c5c92e_fk_auth_perm FOREIGN KEY (permission_id) REFERENCES public.auth_permission(id) DEFERRABLE INITIALLY DEFERRED;


--
-- Name: auth_group_permissions auth_group_permissions_group_id_b120cbf9_fk_auth_group_id; Type: FK CONSTRAINT; Schema: public; Owner: mac
--

ALTER TABLE ONLY public.auth_group_permissions
    ADD CONSTRAINT auth_group_permissions_group_id_b120cbf9_fk_auth_group_id FOREIGN KEY (group_id) REFERENCES public.auth_group(id) DEFERRABLE INITIALLY DEFERRED;


--
-- Name: auth_permission auth_permission_content_type_id_2f476e4b_fk_django_co; Type: FK CONSTRAINT; Schema: public; Owner: mac
--

ALTER TABLE ONLY public.auth_permission
    ADD CONSTRAINT auth_permission_content_type_id_2f476e4b_fk_django_co FOREIGN KEY (content_type_id) REFERENCES public.django_content_type(id) DEFERRABLE INITIALLY DEFERRED;


--
-- Name: auth_user_groups auth_user_groups_group_id_97559544_fk_auth_group_id; Type: FK CONSTRAINT; Schema: public; Owner: mac
--

ALTER TABLE ONLY public.auth_user_groups
    ADD CONSTRAINT auth_user_groups_group_id_97559544_fk_auth_group_id FOREIGN KEY (group_id) REFERENCES public.auth_group(id) DEFERRABLE INITIALLY DEFERRED;


--
-- Name: auth_user_groups auth_user_groups_user_id_6a12ed8b_fk_auth_user_id; Type: FK CONSTRAINT; Schema: public; Owner: mac
--

ALTER TABLE ONLY public.auth_user_groups
    ADD CONSTRAINT auth_user_groups_user_id_6a12ed8b_fk_auth_user_id FOREIGN KEY (user_id) REFERENCES public.auth_user(id) DEFERRABLE INITIALLY DEFERRED;


--
-- Name: auth_user_user_permissions auth_user_user_permi_permission_id_1fbb5f2c_fk_auth_perm; Type: FK CONSTRAINT; Schema: public; Owner: mac
--

ALTER TABLE ONLY public.auth_user_user_permissions
    ADD CONSTRAINT auth_user_user_permi_permission_id_1fbb5f2c_fk_auth_perm FOREIGN KEY (permission_id) REFERENCES public.auth_permission(id) DEFERRABLE INITIALLY DEFERRED;


--
-- Name: auth_user_user_permissions auth_user_user_permissions_user_id_a95ead1b_fk_auth_user_id; Type: FK CONSTRAINT; Schema: public; Owner: mac
--

ALTER TABLE ONLY public.auth_user_user_permissions
    ADD CONSTRAINT auth_user_user_permissions_user_id_a95ead1b_fk_auth_user_id FOREIGN KEY (user_id) REFERENCES public.auth_user(id) DEFERRABLE INITIALLY DEFERRED;


--
-- Name: concurents concurents_marque_id_1961067d_fk_marques_id; Type: FK CONSTRAINT; Schema: public; Owner: mac
--

ALTER TABLE ONLY public.concurents
    ADD CONSTRAINT concurents_marque_id_1961067d_fk_marques_id FOREIGN KEY (marque_id) REFERENCES public.marques(id) DEFERRABLE INITIALLY DEFERRED;


--
-- Name: concurents concurents_sous_categorie_id_8d16c4d7_fk_sous_categories_id; Type: FK CONSTRAINT; Schema: public; Owner: mac
--

ALTER TABLE ONLY public.concurents
    ADD CONSTRAINT concurents_sous_categorie_id_8d16c4d7_fk_sous_categories_id FOREIGN KEY (sous_categorie_id) REFERENCES public.sous_categories(id) DEFERRABLE INITIALLY DEFERRED;


--
-- Name: django_admin_log django_admin_log_content_type_id_c4bce8eb_fk_django_co; Type: FK CONSTRAINT; Schema: public; Owner: mac
--

ALTER TABLE ONLY public.django_admin_log
    ADD CONSTRAINT django_admin_log_content_type_id_c4bce8eb_fk_django_co FOREIGN KEY (content_type_id) REFERENCES public.django_content_type(id) DEFERRABLE INITIALLY DEFERRED;


--
-- Name: django_admin_log django_admin_log_user_id_c564eba6_fk_auth_user_id; Type: FK CONSTRAINT; Schema: public; Owner: mac
--

ALTER TABLE ONLY public.django_admin_log
    ADD CONSTRAINT django_admin_log_user_id_c564eba6_fk_auth_user_id FOREIGN KEY (user_id) REFERENCES public.auth_user(id) DEFERRABLE INITIALLY DEFERRED;


--
-- Name: magasins magasins_adresse_id_5d95650a_fk_adresses_id; Type: FK CONSTRAINT; Schema: public; Owner: mac
--

ALTER TABLE ONLY public.magasins
    ADD CONSTRAINT magasins_adresse_id_5d95650a_fk_adresses_id FOREIGN KEY (adresse_id) REFERENCES public.adresses(id) DEFERRABLE INITIALLY DEFERRED;


--
-- Name: magasins magasins_canal_id_70b272ae_fk_canaux_id; Type: FK CONSTRAINT; Schema: public; Owner: mac
--

ALTER TABLE ONLY public.magasins
    ADD CONSTRAINT magasins_canal_id_70b272ae_fk_canaux_id FOREIGN KEY (canal_id) REFERENCES public.canaux(id) DEFERRABLE INITIALLY DEFERRED;


--
-- Name: magasins magasins_secteur_id_fa85470c_fk_secteurs_id; Type: FK CONSTRAINT; Schema: public; Owner: mac
--

ALTER TABLE ONLY public.magasins
    ADD CONSTRAINT magasins_secteur_id_fa85470c_fk_secteurs_id FOREIGN KEY (secteur_id) REFERENCES public.secteurs(id) DEFERRABLE INITIALLY DEFERRED;


--
-- Name: magasins magasins_ville_id_7effbb74_fk_villes_id; Type: FK CONSTRAINT; Schema: public; Owner: mac
--

ALTER TABLE ONLY public.magasins
    ADD CONSTRAINT magasins_ville_id_7effbb74_fk_villes_id FOREIGN KEY (ville_id) REFERENCES public.villes(id) DEFERRABLE INITIALLY DEFERRED;


--
-- Name: marques marques_segment_id_f351944a_fk_segments_id; Type: FK CONSTRAINT; Schema: public; Owner: mac
--

ALTER TABLE ONLY public.marques
    ADD CONSTRAINT marques_segment_id_f351944a_fk_segments_id FOREIGN KEY (segment_id) REFERENCES public.segments(id) DEFERRABLE INITIALLY DEFERRED;


--
-- Name: releves releves_sku_id_cd96cf9e_fk_skus_id; Type: FK CONSTRAINT; Schema: public; Owner: mac
--

ALTER TABLE ONLY public.releves
    ADD CONSTRAINT releves_sku_id_cd96cf9e_fk_skus_id FOREIGN KEY (sku_id) REFERENCES public.skus(id) DEFERRABLE INITIALLY DEFERRED;


--
-- Name: releves releves_visite_id_4112dd1c_fk_visites_id; Type: FK CONSTRAINT; Schema: public; Owner: mac
--

ALTER TABLE ONLY public.releves
    ADD CONSTRAINT releves_visite_id_4112dd1c_fk_visites_id FOREIGN KEY (visite_id) REFERENCES public.visites(id) DEFERRABLE INITIALLY DEFERRED;


--
-- Name: s_marques s_marques_marque_id_588d2da6_fk_marques_id; Type: FK CONSTRAINT; Schema: public; Owner: mac
--

ALTER TABLE ONLY public.s_marques
    ADD CONSTRAINT s_marques_marque_id_588d2da6_fk_marques_id FOREIGN KEY (marque_id) REFERENCES public.marques(id) DEFERRABLE INITIALLY DEFERRED;


--
-- Name: s_marques s_marques_sous_categorie_id_785a92d9_fk_sous_categories_id; Type: FK CONSTRAINT; Schema: public; Owner: mac
--

ALTER TABLE ONLY public.s_marques
    ADD CONSTRAINT s_marques_sous_categorie_id_785a92d9_fk_sous_categories_id FOREIGN KEY (sous_categorie_id) REFERENCES public.sous_categories(id) DEFERRABLE INITIALLY DEFERRED;


--
-- Name: segment_marques segment_marques_marque_id_cae48399_fk_marques_id; Type: FK CONSTRAINT; Schema: public; Owner: mac
--

ALTER TABLE ONLY public.segment_marques
    ADD CONSTRAINT segment_marques_marque_id_cae48399_fk_marques_id FOREIGN KEY (marque_id) REFERENCES public.marques(id) DEFERRABLE INITIALLY DEFERRED;


--
-- Name: segment_marques segment_marques_segment_id_2add17ed_fk_segments_id; Type: FK CONSTRAINT; Schema: public; Owner: mac
--

ALTER TABLE ONLY public.segment_marques
    ADD CONSTRAINT segment_marques_segment_id_2add17ed_fk_segments_id FOREIGN KEY (segment_id) REFERENCES public.segments(id) DEFERRABLE INITIALLY DEFERRED;


--
-- Name: segments segments_sous_categorie_id_32a46212_fk_sous_categories_id; Type: FK CONSTRAINT; Schema: public; Owner: mac
--

ALTER TABLE ONLY public.segments
    ADD CONSTRAINT segments_sous_categorie_id_32a46212_fk_sous_categories_id FOREIGN KEY (sous_categorie_id) REFERENCES public.sous_categories(id) DEFERRABLE INITIALLY DEFERRED;


--
-- Name: skus skus_marque_id_5256d649_fk_marques_id; Type: FK CONSTRAINT; Schema: public; Owner: mac
--

ALTER TABLE ONLY public.skus
    ADD CONSTRAINT skus_marque_id_5256d649_fk_marques_id FOREIGN KEY (marque_id) REFERENCES public.marques(id) DEFERRABLE INITIALLY DEFERRED;


--
-- Name: sous_categories sous_categories_categorie_id_42b375b1_fk_categories_id; Type: FK CONSTRAINT; Schema: public; Owner: mac
--

ALTER TABLE ONLY public.sous_categories
    ADD CONSTRAINT sous_categories_categorie_id_42b375b1_fk_categories_id FOREIGN KEY (categorie_id) REFERENCES public.categories(id) DEFERRABLE INITIALLY DEFERRED;


--
-- Name: token_blacklist_blacklistedtoken token_blacklist_blacklistedtoken_token_id_3cc7fe56_fk; Type: FK CONSTRAINT; Schema: public; Owner: mac
--

ALTER TABLE ONLY public.token_blacklist_blacklistedtoken
    ADD CONSTRAINT token_blacklist_blacklistedtoken_token_id_3cc7fe56_fk FOREIGN KEY (token_id) REFERENCES public.token_blacklist_outstandingtoken(id) DEFERRABLE INITIALLY DEFERRED;


--
-- Name: token_blacklist_outstandingtoken token_blacklist_outs_user_id_83bc629a_fk_auth_user; Type: FK CONSTRAINT; Schema: public; Owner: mac
--

ALTER TABLE ONLY public.token_blacklist_outstandingtoken
    ADD CONSTRAINT token_blacklist_outs_user_id_83bc629a_fk_auth_user FOREIGN KEY (user_id) REFERENCES public.auth_user(id) DEFERRABLE INITIALLY DEFERRED;


--
-- Name: visites visites_categorie_id_8c26361d_fk_categories_id; Type: FK CONSTRAINT; Schema: public; Owner: mac
--

ALTER TABLE ONLY public.visites
    ADD CONSTRAINT visites_categorie_id_8c26361d_fk_categories_id FOREIGN KEY (categorie_id) REFERENCES public.categories(id) DEFERRABLE INITIALLY DEFERRED;


--
-- Name: visites visites_created_by_id_8a1fd96a_fk_auth_user_id; Type: FK CONSTRAINT; Schema: public; Owner: mac
--

ALTER TABLE ONLY public.visites
    ADD CONSTRAINT visites_created_by_id_8a1fd96a_fk_auth_user_id FOREIGN KEY (created_by_id) REFERENCES public.auth_user(id) DEFERRABLE INITIALLY DEFERRED;


--
-- Name: visites visites_magasin_id_455aada5_fk_magasins_id; Type: FK CONSTRAINT; Schema: public; Owner: mac
--

ALTER TABLE ONLY public.visites
    ADD CONSTRAINT visites_magasin_id_455aada5_fk_magasins_id FOREIGN KEY (magasin_id) REFERENCES public.magasins(id) DEFERRABLE INITIALLY DEFERRED;


--
-- Name: visites visites_segment_id_7498eddb_fk_segments_id; Type: FK CONSTRAINT; Schema: public; Owner: mac
--

ALTER TABLE ONLY public.visites
    ADD CONSTRAINT visites_segment_id_7498eddb_fk_segments_id FOREIGN KEY (segment_id) REFERENCES public.segments(id) DEFERRABLE INITIALLY DEFERRED;


--
-- Name: visites visites_sous_categorie_id_6f21966a_fk_sous_categories_id; Type: FK CONSTRAINT; Schema: public; Owner: mac
--

ALTER TABLE ONLY public.visites
    ADD CONSTRAINT visites_sous_categorie_id_6f21966a_fk_sous_categories_id FOREIGN KEY (sous_categorie_id) REFERENCES public.sous_categories(id) DEFERRABLE INITIALLY DEFERRED;


--
-- PostgreSQL database dump complete
--

\unrestrict o2uFJfJJRJQONQEehDoughDe3txPyAKzSEUGgKPcWx45hUPJd3S4zAqYEelmv42

